,adservice_cpu,adservice_latency-50,adservice_latency-90,adservice_mem,adservice_workload,cartservice_cpu,cartservice_latency-50,cartservice_latency-90,cartservice_mem,cartservice_workload,checkoutservice_cpu,checkoutservice_latency-50,checkoutservice_latency-90,checkoutservice_mem,checkoutservice_workload,currencyservice_cpu,currencyservice_latency-50,currencyservice_latency-90,currencyservice_mem,currencyservice_workload,emailservice_cpu,emailservice_latency-50,emailservice_latency-90,emailservice_mem,emailservice_workload,frontend-external_workload,frontend_cpu,frontend_latency-50,frontend_latency-90,frontend_mem,frontend_workload,main_cpu,main_mem,paymentservice_cpu,paymentservice_latency-50,paymentservice_latency-90,paymentservice_mem,paymentservice_workload,productcatalogservice_cpu,productcatalogservice_latency-50,productcatalogservice_latency-90,productcatalogservice_mem,productcatalogservice_workload,recommendationservice_cpu,recommendationservice_latency-50,recommendationservice_latency-90,recommendationservice_mem,recommendationservice_workload,redis_cpu,redis_mem,shippingservice_cpu,shippingservice_latency-50,shippingservice_latency-90,shippingservice_mem,shippingservice_workload
adservice_cpu,1,0.436590938,0.3748419313,0.6063250141,0.06424390535,0.351156703,0.2914592992,-0.01468514401,0.782903344,0.0702457396,0.1199768458,-0.2750230908,-0.261923636,-0.06334137108,0.02440012556,0.1714457932,-0.01158743158,-0.01032759438,0.4502613468,0.0691128097,0.06390810621,0.1323990941,-0.002135131794,0.5687185061,0.02021314964,0.06440644227,0.1993113092,-0.2684337077,-0.2719590638,0.02521215384,0.06533473357,0.06931777212,-0.253525681,0.2661230597,0.5138175861,0.01696826778,-0.293990791,0.02509701777,0.1829309011,-0.2273399199,-0.2680473264,0.367011245,0.1398440914,0.3639214212,-0.2677280001,-0.2589890438,0.4466826423,0.0645563413,0.05263107156,0.4787784339,0.1611026729,0.1060766632,0.06133402702,0.3521222126,0.05197140347
adservice_latency-50,0.436590938,1,0.8664202706,0.1789066976,0.1093776594,0.3650864814,0.8424336678,0.08012546926,0.397180448,0.1092155563,0.1900203903,-0.428074279,-0.4292647461,-0.1832463898,0.02859428765,0.3207144239,-0.4582560919,0.009769401241,0.1684604087,0.1198596638,0.4176358243,0.6237687058,0.03149649875,0.2790404688,0.0265306603,0.1039948885,0.3194573325,-0.4495487593,-0.4380208796,-0.4440204719,0.1039807127,0.4214737175,-0.1850925113,0.1959628913,0.491364558,0.007199489456,-0.161016398,0.03280040015,0.4276218251,-0.3882971297,-0.4471004865,0.07427887493,0.2342069225,0.1199394781,-0.4494597699,-0.4343848346,0.1894354515,0.1016777179,0.534170833,0.2380565955,0.1726341363,0.4503662308,0.473442225,0.169541862,0.07784559591
adservice_latency-90,0.3748419313,0.8664202706,1,0.03127449698,0.118902847,0.4064242711,0.9655149441,0.05434724495,0.3375260859,0.1155921745,0.2082122051,-0.4611089811,-0.462961401,-0.2060481985,0.02934282558,0.3130048993,-0.4240483875,0.008997660864,0.01086854711,0.1321979182,0.4976287452,0.6916357245,0.03027385095,0.1187832653,0.02736466367,0.1107798813,0.3489545694,-0.486263021,-0.4762403217,-0.4679786631,0.1149471119,0.4519487422,-0.23685843,0.2048733774,0.5875214823,0.02653089978,-0.2102540378,0.03577779731,0.4723682762,-0.4060156175,-0.4831074373,-0.06186832655,0.2452603227,0.1602490072,-0.4839933826,-0.4549454923,0.1350913007,0.1075583229,0.6177778128,0.08505872052,0.1301329397,0.376123567,0.3432434482,0.02785899002,0.08102508501
adservice_mem,0.6063250141,0.1789066976,0.03127449698,1,-0.02773004754,0.07141153195,-0.04180407694,-0.01043182262,0.6804968199,-0.02516892248,-0.01763764624,0.07935324692,0.07353524958,0.1232416278,-0.008453199379,0.04871139448,0.007083332245,-0.01013070138,0.7384648824,-0.03956212497,-0.05228591839,-0.002340916644,0.001757032371,0.7836245957,-0.007950105804,-0.02630043252,-0.04650574337,0.08123041942,0.07804465637,0.2847305089,-0.03093636474,0.06493318101,0.3087138258,0.0671649195,-0.04422119179,-0.00128990541,0.2304394719,-0.006606688215,-0.07881869549,0.0664172232,0.0807893539,0.7025364254,-0.04952955146,-0.04141149123,0.08123942877,0.08001195413,0.726084915,-0.02771509623,-0.02188271575,0.70994749,0.05238924147,0.00831108337,0.1052972224,0.7507899428,-0.01843459907
adservice_workload,0.06424390535,0.1093776594,0.118902847,-0.02773004754,1,0.1246183049,0.1331312943,0.0001847846088,0.02859692555,0.7248660979,0.06625722405,-0.2502265219,-0.2396336958,-0.0923044621,0.1963600423,0.1556340238,-0.06674583424,0.00556141448,-0.03534285955,0.7038573911,0.1216898098,0.09412450422,0.003889818711,-0.007180072888,0.174195135,0.8594877118,0.1828824165,-0.2553204349,-0.2548717009,-0.1135028313,0.6953429359,0.1620218422,-0.08460739412,0.05351372321,0.07754012386,0.008674458837,-0.03531785299,0.2283026274,0.18345363,-0.2180722841,-0.2548374547,-0.003472209451,0.6955950636,0.09437771837,-0.2552635463,-0.2512918619,-0.03721172129,0.7169845956,0.146114545,-0.006219710763,0.1259830157,0.04763431185,0.03652329345,-0.024419317,0.4244796082
cartservice_cpu,0.351156703,0.3650864814,0.4064242711,0.07141153195,0.1246183049,1,0.4624957312,-0.02368047027,0.2842383015,0.1312351442,0.1889670545,-0.4905618739,-0.4683389249,-0.2092408882,0.0443484465,0.4572991592,-0.1489621663,-0.03561129373,0.06422392024,0.1422337452,0.2937899214,0.2412692472,0.004467207461,0.1028424834,0.04311542541,0.1226430684,0.5071599352,-0.4949980064,-0.5074169629,-0.2425805158,0.1262001996,0.2954741034,-0.2411356984,0.1887424682,0.3741495019,0.05045373447,-0.1412730866,0.04417478391,0.583747927,-0.4528101792,-0.4967155897,0.008390496238,0.2789203268,0.388804259,-0.4964708589,-0.4975436539,0.1203405536,0.1241636687,0.3535529366,0.08558639846,0.3430722661,0.1983849503,0.06641871138,0.04105922641,0.09584039507
cartservice_latency-50,0.2914592992,0.8424336678,0.9655149441,-0.04180407694,0.1331312943,0.4624957312,1,0.1180295591,0.2691773679,0.1298148282,0.2156226891,-0.5144355874,-0.507393417,-0.2448656138,0.03620254074,0.3519788377,-0.4517688498,-0.00269074765,-0.05507794123,0.1483133516,0.5478527331,0.7151854171,0.03476130416,0.0476372696,0.03440075373,0.1255481195,0.4032609983,-0.5398935748,-0.5290172853,-0.5192830613,0.1295006855,0.5012302742,-0.2368606181,0.1867746627,0.5436592235,0.02720685776,-0.181148182,0.0414153495,0.5297691429,-0.4555879715,-0.5369848549,-0.1215937896,0.2773024648,0.1417435244,-0.5382096245,-0.5128970784,0.09205280385,0.1223061926,0.6775676234,0.02384402994,0.1512151694,0.3681842159,0.3095043506,-0.02115762364,0.09146737394
cartservice_latency-90,-0.01468514401,0.08012546926,0.05434724495,-0.01043182262,0.0001847846088,-0.02368047027,0.1180295591,1,0.004062900827,0.001795406637,-0.007727164589,-0.02446279763,0.03047539382,-0.003301585632,-0.002320264414,-0.01632182405,0.06350273878,0.006262876329,-0.03483512864,0.002849195321,0.02404253018,0.01516903887,0.001870403073,-0.01219136603,-0.005391536178,-6.6691374e-06,-0.05659373807,-0.02697659744,0.009521211266,-0.03733157687,0.002667918833,0.0008869659118,0.0009531302417,-0.01327880482,-0.0007201123669,0.00127828402,-0.01165199932,-0.0005848932525,-0.04104671874,-0.01444551339,-0.02639846267,-0.01890116697,0.009723945938,-0.01839222386,-0.0245662365,0.005535558805,-0.007672922804,0.001727985662,-0.01260360892,-0.01360526589,-0.02077251589,0.08076194577,0.06694764649,-0.01420470266,0.00223900175
cartservice_mem,0.782903344,0.397180448,0.3375260859,0.6804968199,0.02859692555,0.2842383015,0.2691773679,0.004062900827,1,0.03338912045,0.1009898948,-0.1636326332,-0.1502059478,-0.01286444592,0.009129033939,-0.01663307173,-0.005570257763,-0.005545405864,0.5977277591,0.0321964161,0.0378362205,0.1715299243,-0.001813059395,0.6621908264,0.006015450195,0.02865696016,0.09032695914,-0.1528839523,-0.1544486384,0.3116584782,0.02580442392,-0.001226695696,-0.1445298028,0.2273241058,0.5186302251,0.02299364731,-0.04382430504,0.00892712511,0.04376558686,-0.1537432649,-0.1550259343,0.5314145409,0.08383790366,0.3110117038,-0.1530597228,-0.1521294378,0.7078471534,0.02930834534,-0.01180460057,0.6283971077,0.06120548847,-0.011259227,-0.08509145782,0.5172664831,0.02034725031
cartservice_workload,0.0702457396,0.1092155563,0.1155921745,-0.02516892248,0.7248660979,0.1312351442,0.1298148282,0.001795406637,0.03338912045,1,0.06844692753,-0.2535460693,-0.2424840519,-0.09060079477,0.4608985117,0.1594311605,-0.06913221754,0.008052985181,-0.02832401695,0.7584994002,0.1208533902,0.08974384836,0.003255024293,-0.0009552114841,0.421403623,0.8605231042,0.1824911237,-0.2580995298,-0.2575256647,-0.1104329716,0.6553338572,0.1643036514,-0.0912026408,0.05877314493,0.08440417529,0.00953363024,-0.03835419132,0.4454245987,0.1847509517,-0.2278520314,-0.2580006526,0.001370364245,0.7726593043,0.09897452825,-0.2579939483,-0.2537246679,-0.03331424557,0.900097614,0.1404199982,-0.0007194671561,0.127365453,0.03858726955,0.03207874272,-0.02088527674,0.6881800912
checkoutservice_cpu,0.1199768458,0.1900203903,0.2082122051,-0.01763764624,0.06625722405,0.1889670545,0.2156226891,-0.007727164589,0.1009898948,0.06844692753,1,-0.2577992996,-0.2350705854,-0.1197504257,0.0239244594,0.1769532071,-0.1166550028,-0.001503089922,-0.0258906715,0.06969887857,0.3110064895,0.1988236328,0.0007837877126,0.02911503794,0.0229464379,0.06577341059,0.2600551294,-0.2758745761,-0.2762068323,-0.125830958,0.06661454787,0.2372542538,-0.1376100546,0.1521489623,0.1431080777,-0.003051578829,-0.07351975895,0.02744990285,0.2494462494,-0.2340627026,-0.2757326402,-0.01128772266,0.1398924893,0.1369866109,-0.2760863451,-0.2711310619,0.003059970671,0.06366708498,0.2550797674,0.01960421348,0.248198401,0.06876193528,0.05087707647,-0.01515645193,0.05132274304
checkoutservice_latency-50,-0.2750230908,-0.428074279,-0.4611089811,0.07935324692,-0.2502265219,-0.4905618739,-0.5144355874,-0.02446279763,-0.1636326332,-0.2535460693,-0.2577992996,1,0.9588228141,0.3484536221,-0.08154468371,-0.5962250733,0.2061964662,-0.0112529967,0.08784925613,-0.2781541936,-0.443029988,-0.3428992923,-0.01361823228,-0.01839036302,-0.07932634099,-0.2438895512,-0.6974582023,0.9848272145,0.9828258979,0.3816437524,-0.2449169142,-0.5962050911,0.338326978,-0.2119402316,-0.3384811694,-0.01668908447,0.1399218998,-0.08624815058,-0.7096318568,0.8547606163,0.9841346722,-0.0339316898,-0.5253121223,-0.407097329,0.9855119164,0.9741162011,0.08928597095,-0.2419056755,-0.5283052841,-0.02165391046,-0.474017546,-0.165692347,-0.08550031426,0.05848109163,-0.1726595293
checkoutservice_latency-90,-0.261923636,-0.4292647461,-0.462961401,0.07353524958,-0.2396336958,-0.4683389249,-0.507393417,0.03047539382,-0.1502059478,-0.2424840519,-0.2350705854,0.9588228141,1,0.3695509232,-0.08047771463,-0.5824327024,0.2207975848,0.02897540029,0.0869473875,-0.2651316968,-0.4448199496,-0.3393227321,-0.009986136926,-0.01855530756,-0.07836865774,-0.2327267655,-0.6772464823,0.9439813927,0.9456424845,0.3844251426,-0.2341683471,-0.5919497742,0.3103355777,-0.1962055367,-0.3163798177,0.03258672942,0.1247764415,-0.08350816563,-0.6917450463,0.8210686282,0.9433869873,-0.03384639845,-0.5035469298,-0.3781523745,0.9449841189,0.9348351018,0.0862131444,-0.2314225844,-0.5309025459,-0.01949483758,-0.4583587549,-0.1740210572,-0.1014768177,0.05354046302,-0.1661310962
checkoutservice_mem,-0.06334137108,-0.1832463898,-0.2060481985,0.1232416278,-0.0923044621,-0.2092408882,-0.2448656138,-0.003301585632,-0.01286444592,-0.09060079477,-0.1197504257,0.3484536221,0.3695509232,1,-0.02975611858,-0.2129930893,0.1117541531,-0.004267873188,0.1151791215,-0.09817997559,-0.1763723924,-0.1344882908,-0.005201030974,0.09488430958,-0.02802560826,-0.08884421549,-0.2551316131,0.3528186039,0.3517637236,0.242569281,-0.09063826364,-0.2228648763,0.1747953293,-0.07995234505,-0.1505465573,-0.006380140977,0.06338398231,-0.02376796325,-0.2800194077,0.3671421653,0.3573041336,0.1337726003,-0.2183082776,-0.1557611242,0.3556431313,0.3731288353,0.1127431312,-0.08729136913,-0.2200635548,0.09301474995,-0.1291753828,-0.07891652217,-0.01938155329,0.1296761831,-0.06071070672
checkoutservice_workload,0.02440012556,0.02859428765,0.02934282558,-0.008453199379,0.1963600423,0.0443484465,0.03620254074,-0.002320264414,0.009129033939,0.4608985117,0.0239244594,-0.08154468371,-0.08047771463,-0.02975611858,1,0.0492537678,-0.01352488417,0.01069215761,-0.01032809441,0.301825236,0.04532681475,0.02181770027,-0.008080453871,0.002382135025,0.9597020629,0.390378959,0.05916157299,-0.08329809647,-0.08275574211,-0.0272844034,0.2148435015,0.04510492931,-0.03638254238,0.02819338358,0.02453132688,0.004174241442,-0.01084531999,0.8885358735,0.05803679038,-0.07147244713,-0.08324124734,0.001439421698,0.3916585198,0.02957371902,-0.08308878404,-0.07951248659,-0.007172120817,0.3753698791,0.04078163151,0.0009766597734,0.04363199422,0.009239346758,0.007503755873,-0.004421878076,0.6911714938
currencyservice_cpu,0.1714457932,0.3207144239,0.3130048993,0.04871139448,0.1556340238,0.4572991592,0.3519788377,-0.01632182405,-0.01663307173,0.1594311605,0.1769532071,-0.5962250733,-0.5824327024,-0.2129930893,0.0492537678,1,-0.03115457419,0.02980343815,-0.007095042366,0.1784467929,0.3077535729,0.1528004311,0.008186065272,0.04887329195,0.04803234254,0.1555843555,0.5707603001,-0.6162991813,-0.6159027047,-0.3798428505,0.154678102,0.5318537977,-0.01954309863,0.1277391179,0.08465575686,-0.001380774265,-0.04368524941,0.05413024394,0.6514998369,-0.5248271701,-0.6145538082,0.08328975992,0.325264618,0.2842885457,-0.6167877743,-0.6054833222,-0.08649707673,0.1509538688,0.3990597,0.04094983829,0.5293957344,0.416249205,0.3774831029,0.03303443375,0.1172522643
currencyservice_latency-50,-0.01158743158,-0.4582560919,-0.4240483875,0.007083332245,-0.06674583424,-0.1489621663,-0.4517688498,0.06350273878,-0.005570257763,-0.06913221754,-0.1166550028,0.2061964662,0.2207975848,0.1117541531,-0.01352488417,-0.03115457419,1,0.08368448377,-0.08932232465,-0.0743039307,-0.3368721531,-0.5523801278,-0.03234568943,-0.05365118791,-0.008631703998,-0.06398813503,-0.1764943003,0.2230824341,0.2338129184,0.5206542675,-0.06284990128,-0.4123648374,0.008828852082,-0.0110437979,-0.03264671599,0.007885961762,-0.0919328726,-0.009213281635,-0.2429876605,0.2089526656,0.2222182531,0.06772755918,-0.1290483721,0.302129085,0.2227112658,0.2314633835,0.09611465154,-0.06458151897,-0.5284219147,-0.03126952845,-0.03514428604,0.1539357253,-0.1926732491,-0.04787607751,-0.04046754658
currencyservice_latency-90,-0.01032759438,0.009769401241,0.008997660864,-0.01013070138,0.00556141448,-0.03561129373,-0.00269074765,0.006262876329,-0.005545405864,0.008052985181,-0.001503089922,-0.0112529967,0.02897540029,-0.004267873188,0.01069215761,0.02980343815,0.08368448377,1,-0.01953696291,0.01515323555,-0.01566923681,-0.01160421154,-0.0001719640364,-0.004603392386,0.006993196904,0.01014039688,-0.000778183841,-0.01200619646,0.02308893601,0.0218504891,0.009150770734,-0.01485231741,-0.02137562286,-0.006587003898,-0.0009789819097,-0.001264146722,-0.02546699102,0.01105205983,-0.01560987355,-0.009950380068,-0.01232698433,-0.01123758897,0.009277666459,0.00830047289,-0.01245205329,-0.00657295902,-0.00809848117,0.007708936757,-0.01356421175,0.0003658618827,-0.005098059198,0.05606660136,0.0399613109,-0.005844122807,0.008172355886
currencyservice_mem,0.4502613468,0.1684604087,0.01086854711,0.7384648824,-0.03534285955,0.06422392024,-0.05507794123,-0.03483512864,0.5977277591,-0.02832401695,-0.0258906715,0.08784925613,0.0869473875,0.1151791215,-0.01032809441,-0.007095042366,-0.08932232465,-0.01953696291,1,-0.03770371705,-0.09110242504,-0.03757024769,-0.003738025617,0.8181941395,-0.009194569674,-0.03319223459,-0.06374731449,0.08972388171,0.08328305913,0.3618457227,-0.03068740366,-0.002693618293,0.2689205956,0.04765718647,0.02253482974,-0.004951692149,0.2717277539,-0.007375465686,-0.07582481208,0.01761685286,0.08525876388,0.7656891723,-0.03147897256,-0.03616602403,0.08890495662,0.08295348177,0.6947735258,-0.03027135016,-0.0718946133,0.776286868,0.02860157788,-0.02134440377,0.09793922902,0.7890261103,-0.01974491006
currencyservice_workload,0.0691128097,0.1198596638,0.1321979182,-0.03956212497,0.7038573911,0.1422337452,0.1483133516,0.002849195321,0.0321964161,0.7584994002,0.06969887857,-0.2781541936,-0.2651316968,-0.09817997559,0.301825236,0.1784467929,-0.0743039307,0.01515323555,-0.03770371705,1,0.1253801019,0.1002344903,0.0183710816,-0.01416080632,0.2740720498,0.7831505609,0.2060514599,-0.2832524067,-0.2828203361,-0.1208978918,0.7716561024,0.1784712113,-0.1003257743,0.05921333272,0.09716783126,0.01143737976,-0.04021569831,0.3427508525,0.2008220191,-0.2479826865,-0.2831866311,-0.006373630291,0.6488414811,0.1124183282,-0.2830516117,-0.2775370809,-0.04440397619,0.6414232342,0.1540971994,-0.01026175502,0.1379155841,0.04823461889,0.03686470286,-0.03268221833,0.5530563988
emailservice_cpu,0.06390810621,0.4176358243,0.4976287452,-0.05228591839,0.1216898098,0.2937899214,0.5478527331,0.02404253018,0.0378362205,0.1208533902,0.3110064895,-0.443029988,-0.4448199496,-0.1763723924,0.04532681475,0.3077535729,-0.3368721531,-0.01566923681,-0.09110242504,0.1253801019,1,0.5966805115,0.02413237526,-0.02491233423,0.04516384871,0.1174729674,0.4218981948,-0.4614649437,-0.4587333293,-0.3200993202,0.1175159201,0.5793846831,-0.02801108134,0.1370361453,0.1597336928,-0.002465899311,0.02544750434,0.04582800749,0.4220303995,-0.3956049927,-0.4602003787,-0.0695688136,0.2456053286,0.02109701969,-0.461249179,-0.449737622,0.04393463394,0.1118889725,0.663543919,-0.03913420507,0.2457216775,0.08736470985,0.0726733966,-0.001858324983,0.08647212571
emailservice_latency-50,0.1323990941,0.6237687058,0.6916357245,-0.002340916644,0.09412450422,0.2412692472,0.7151854171,0.01516903887,0.1715299243,0.08974384836,0.1988236328,-0.3428992923,-0.3393227321,-0.1344882908,0.02181770027,0.1528004311,-0.5523801278,-0.01160421154,-0.03757024769,0.1002344903,0.5966805115,1,0.05640114953,0.0456976859,0.019471006,0.08888125103,0.3383236991,-0.373573468,-0.3708203372,-0.4172507268,0.08604804605,0.591635754,-0.08639563027,0.1339003553,0.3237317909,0.03138590084,-0.03154418847,0.02585821193,0.3244758887,-0.3157877295,-0.3723364292,-0.1144239809,0.1916109093,-0.189130738,-0.3743074335,-0.3677359967,0.08506939058,0.08354335619,0.7592442565,0.01630621314,0.1021477359,0.1467528158,0.1753800149,0.03054271768,0.0608077247
emailservice_latency-90,-0.002135131794,0.03149649875,0.03027385095,0.001757032371,0.003889818711,0.004467207461,0.03476130416,0.001870403073,-0.001813059395,0.003255024293,0.0007837877126,-0.01361823228,-0.009986136926,-0.005201030974,-0.008080453871,0.008186065272,-0.03234568943,-0.0001719640364,-0.003738025617,0.0183710816,0.02413237526,0.05640114953,1,0.0002491865367,-0.004426549061,0.004512545324,0.009983579478,-0.01608006047,-0.01395643912,-0.01439165821,0.004523662629,0.01527387739,0.01753725227,-0.001801125258,0.008106215003,0.001101970387,0.008486743211,-0.001916303578,0.01477763285,-0.01380653333,-0.01596817137,-0.00413081295,0.001339853596,-0.02234889431,-0.01609886084,-0.01563636895,0.001216887239,-0.003000220601,0.03326713835,-0.004149386598,0.01128839218,0.03893298422,0.02949287909,0.002048104634,-0.0005624574793
emailservice_mem,0.5687185061,0.2790404688,0.1187832653,0.7836245957,-0.007180072888,0.1028424834,0.0476372696,-0.01219136603,0.6621908264,-0.0009552114841,0.02911503794,-0.01839036302,-0.01855530756,0.09488430958,0.002382135025,0.04887329195,-0.05365118791,-0.004603392386,0.8181941395,-0.01416080632,-0.02491233423,0.0456976859,0.0002491865367,1,0.003414690017,-0.005368372003,0.002071082637,-0.01770319217,-0.02093460078,0.2949588417,-0.00637053568,0.03661679176,0.09477232668,0.1214963686,0.1131724746,-0.008982224122,0.163172889,0.003144881941,-0.01360918885,-0.0148751132,-0.01751098757,0.7723032414,-0.0007900788112,0.0154952774,-0.01767737413,-0.01810104776,0.7284987676,-0.003010078386,-0.00217471505,0.8897129834,0.06182370974,0.06193183092,0.1341362264,0.8593748523,0.0007323883391
emailservice_workload,0.02021314964,0.0265306603,0.02736466367,-0.007950105804,0.174195135,0.04311542541,0.03440075373,-0.005391536178,0.006015450195,0.421403623,0.0229464379,-0.07932634099,-0.07836865774,-0.02802560826,0.9597020629,0.04803234254,-0.008631703998,0.006993196904,-0.009194569674,0.2740720498,0.04516384871,0.019471006,-0.004426549061,0.003414690017,1,0.3510452584,0.05999527583,-0.08113489999,-0.08080099469,-0.02351621542,0.1903535658,0.04388710572,-0.03445087847,0.02548470892,0.02131528126,0.006908193573,-0.007296693231,0.8858266892,0.05545840021,-0.06925711729,-0.08104790565,0.003099304704,0.3701827041,0.02874787787,-0.08095013988,-0.07755912318,-0.004062442539,0.3323370657,0.03974797258,0.0036456236,0.04089892055,0.01065395652,0.006711651135,-0.001153967988,0.6480226636
frontend-external_workload,0.06440644227,0.1039948885,0.1107798813,-0.02630043252,0.8594877118,0.1226430684,0.1255481195,-6.6691374e-06,0.02865696016,0.8605231042,0.06577341059,-0.2438895512,-0.2327267655,-0.08884421549,0.390378959,0.1555843555,-0.06398813503,0.01014039688,-0.03319223459,0.7831505609,0.1174729674,0.08888125103,0.004512545324,-0.005368372003,0.3510452584,1,0.1764372607,-0.2487283072,-0.248205788,-0.1069588606,0.6847200453,0.1587543603,-0.08148597873,0.05629996754,0.07706855684,0.01070718417,-0.03920748702,0.4003568301,0.1798719967,-0.216491517,-0.2485074519,-0.0008755291088,0.7979437499,0.09151495695,-0.2486258397,-0.2441453914,-0.03491598395,0.8158573986,0.1378872679,-0.006035547544,0.124058688,0.04546249208,0.03403810559,-0.02295768353,0.6780303684
frontend_cpu,0.1993113092,0.3194573325,0.3489545694,-0.04650574337,0.1828824165,0.5071599352,0.4032609983,-0.05659373807,0.09032695914,0.1824911237,0.2600551294,-0.6974582023,-0.6772464823,-0.2551316131,0.05916157299,0.5707603001,-0.1764943003,-0.000778183841,-0.06374731449,0.2060514599,0.4218981948,0.3383236991,0.009983579478,0.002071082637,0.05999527583,0.1764372607,1,-0.7083826128,-0.7148236386,-0.3271731202,0.1785577825,0.5398150641,-0.1750090791,0.1734997897,0.2202209033,0.004841854599,-0.07427464386,0.0613203766,0.6480339173,-0.624882306,-0.708717863,-0.003638957277,0.3825604307,0.2858907595,-0.7100292849,-0.7079201173,-0.07149217471,0.1720129596,0.5269469206,-0.01314212989,0.4794154088,0.2235240677,0.149408773,-0.04273913285,0.1287023104
frontend_latency-50,-0.2684337077,-0.4495487593,-0.486263021,0.08123041942,-0.2553204349,-0.4949980064,-0.5398935748,-0.02697659744,-0.1528839523,-0.2580995298,-0.2758745761,0.9848272145,0.9439813927,0.3528186039,-0.08329809647,-0.6162991813,0.2230824341,-0.01200619646,0.08972388171,-0.2832524067,-0.4614649437,-0.373573468,-0.01608006047,-0.01770319217,-0.08113489999,-0.2487283072,-0.7083826128,1,0.9976242031,0.4064400597,-0.2494589007,-0.622987793,0.3329189661,-0.211594264,-0.3387482786,-0.0165900828,0.1282315375,-0.08817180313,-0.724446972,0.8702655763,0.9993250594,-0.03193094473,-0.5348139973,-0.3975690151,0.9996820276,0.9832132507,0.09616530509,-0.2458394078,-0.5540906954,-0.018338401,-0.479660453,-0.1810022152,-0.109622598,0.05613522193,-0.176217812
frontend_latency-90,-0.2719590638,-0.4380208796,-0.4762403217,0.07804465637,-0.2548717009,-0.5074169629,-0.5290172853,0.009521211266,-0.1544486384,-0.2575256647,-0.2762068323,0.9828258979,0.9456424845,0.3517637236,-0.08275574211,-0.6159027047,0.2338129184,0.02308893601,0.08328305913,-0.2828203361,-0.4587333293,-0.3708203372,-0.01395643912,-0.02093460078,-0.08080099469,-0.248205788,-0.7148236386,0.9976242031,1,0.4049320675,-0.2492310469,-0.6225183475,0.334046553,-0.2121997377,-0.33889186,-0.01681107654,0.1262479966,-0.08746037558,-0.7299374992,0.8683933638,0.9971561868,-0.03489888374,-0.5333814062,-0.3999503289,0.9973605755,0.9825068232,0.09468386411,-0.2453134028,-0.5551183532,-0.02089616205,-0.4812966671,-0.1687724566,-0.09696035533,0.05314406069,-0.1757122786
frontend_mem,0.02521215384,-0.4440204719,-0.4679786631,0.2847305089,-0.1135028313,-0.2425805158,-0.5192830613,-0.03733157687,0.3116584782,-0.1104329716,-0.125830958,0.3816437524,0.3844251426,0.242569281,-0.0272844034,-0.3798428505,0.5206542675,0.0218504891,0.3618457227,-0.1208978918,-0.3200993202,-0.4172507268,-0.01439165821,0.2949588417,-0.02351621542,-0.1069588606,-0.3271731202,0.4064400597,0.4049320675,1,-0.1089835071,-0.4026165632,0.3046301352,-0.04390624934,-0.01616866467,-0.002445572004,0.2433057599,-0.02510683005,-0.4586228629,0.3280966127,0.4029184322,0.5089721178,-0.2130201063,0.1105551022,0.4063886824,0.4000805792,0.4696518266,-0.1073806719,-0.4828222976,0.3197566077,-0.1892459135,-0.2737340616,-0.3183358005,0.3398460789,-0.07347965004
frontend_workload,0.06533473357,0.1039807127,0.1149471119,-0.03093636474,0.6953429359,0.1262001996,0.1295006855,0.002667918833,0.02580442392,0.6553338572,0.06661454787,-0.2449169142,-0.2341683471,-0.09063826364,0.2148435015,0.154678102,-0.06284990128,0.009150770734,-0.03068740366,0.7716561024,0.1175159201,0.08604804605,0.004523662629,-0.00637053568,0.1903535658,0.6847200453,0.1785577825,-0.2494589007,-0.2492310469,-0.1089835071,1,0.1560886505,-0.09096623285,0.04844701998,0.07938425892,0.01485906407,-0.03709943797,0.2979008873,0.1766951084,-0.2147380902,-0.2492161272,-0.004049143083,0.6274732872,0.1033773368,-0.2492471914,-0.2448322561,-0.03485799383,0.6221135261,0.1382080944,-0.004354396319,0.1217786169,0.03377223401,0.02908965404,-0.0222561518,0.4987463737
main_cpu,0.06931777212,0.4214737175,0.4519487422,0.06493318101,0.1620218422,0.2954741034,0.5012302742,0.0008869659118,-0.001226695696,0.1643036514,0.2372542538,-0.5962050911,-0.5919497742,-0.2228648763,0.04510492931,0.5318537977,-0.4123648374,-0.01485231741,-0.002693618293,0.1784712113,0.5793846831,0.591635754,0.01527387739,0.03661679176,0.04388710572,0.1587543603,0.5398150641,-0.622987793,-0.6225183475,-0.4026165632,0.1560886505,1,0.1369057688,0.1087944005,0.04624914898,0.008934790885,0.1068853563,0.05100340528,0.5309278796,-0.5434537347,-0.6221520752,0.1039313603,0.3373422213,-0.003674149606,-0.6230326768,-0.6114392774,0.005461130303,0.1531093487,0.7623223325,0.03572050117,0.3809318589,0.1479530773,0.2463190145,0.09047538603,0.1116191523
main_mem,-0.253525681,-0.1850925113,-0.23685843,0.3087138258,-0.08460739412,-0.2411356984,-0.2368606181,0.0009531302417,-0.1445298028,-0.0912026408,-0.1376100546,0.338326978,0.3103355777,0.1747953293,-0.03638254238,-0.01954309863,0.008828852082,-0.02137562286,0.2689205956,-0.1003257743,-0.02801108134,-0.08639563027,0.01753725227,0.09477232668,-0.03445087847,-0.08148597873,-0.1750090791,0.3329189661,0.334046553,0.3046301352,-0.09096623285,0.1369057688,1,-0.2035232845,-0.4839518091,-0.01230621865,0.4782375827,-0.03105376715,-0.2049432147,0.2194805127,0.3280544029,0.4325708658,-0.1488447857,-0.3369028339,0.331921803,0.3280108985,0.2364007342,-0.08964813494,0.04861944159,0.1090135442,-0.04241355252,0.006604801183,0.1801874477,0.3298154244,-0.05898161574
paymentservice_cpu,0.2661230597,0.1959628913,0.2048733774,0.0671649195,0.05351372321,0.1887424682,0.1867746627,-0.01327880482,0.2273241058,0.05877314493,0.1521489623,-0.2119402316,-0.1962055367,-0.07995234505,0.02819338358,0.1277391179,-0.0110437979,-0.006587003898,0.04765718647,0.05921333272,0.1370361453,0.1339003553,-0.001801125258,0.1214963686,0.02548470892,0.05629996754,0.1734997897,-0.211594264,-0.2121997377,-0.04390624934,0.04844701998,0.1087944005,-0.2035232845,1,0.3176311678,0.1578305603,-0.20945983,0.02605282431,0.1642458184,-0.1847651064,-0.2117308467,0.04954603234,0.1163044339,0.2103104768,-0.2120288522,-0.2101457777,0.0852115368,0.05507898332,0.1148391202,0.1015963487,0.1463188918,0.07597763851,0.01185521252,0.0350667976,0.04924889431
paymentservice_latency-50,0.5138175861,0.491364558,0.5875214823,-0.04422119179,0.07754012386,0.3741495019,0.5436592235,-0.0007201123669,0.5186302251,0.08440417529,0.1431080777,-0.3384811694,-0.3163798177,-0.1505465573,0.02453132688,0.08465575686,-0.03264671599,-0.0009789819097,0.02253482974,0.09716783126,0.1597336928,0.3237317909,0.008106215003,0.1131724746,0.02131528126,0.07706855684,0.2202209033,-0.3387482786,-0.33889186,-0.01616866467,0.07938425892,0.04624914898,-0.4839518091,0.3176311678,1,0.0675311092,-0.5385939266,0.02870984782,0.2547020602,-0.3477168652,-0.3428682851,-0.02205801093,0.2020707868,0.4898753956,-0.3398100422,-0.3357856516,0.1327402641,0.07852146629,0.1346280785,0.09595911844,0.04476939043,0.1567238253,-0.01611625765,-0.09573390233,0.06053000031
paymentservice_latency-90,0.01696826778,0.007199489456,0.02653089978,-0.00128990541,0.008674458837,0.05045373447,0.02720685776,0.00127828402,0.02299364731,0.00953363024,-0.003051578829,-0.01668908447,0.03258672942,-0.006380140977,0.004174241442,-0.001380774265,0.007885961762,-0.001264146722,-0.004951692149,0.01143737976,-0.002465899311,0.03138590084,0.001101970387,-0.008982224122,0.006908193573,0.01070718417,0.004841854599,-0.0165900828,-0.01681107654,-0.002445572004,0.01485906407,0.008934790885,-0.01230621865,0.1578305603,0.0675311092,1,-0.01050479005,0.005915179972,0.01106021422,-0.01467150345,-0.01679278346,-0.004256703671,0.01663094758,0.03707058287,-0.01664608264,-0.01679932758,0.02559384892,0.01363025315,0.01990168893,-0.002208870252,-0.005424547226,-0.01484867443,-0.03482958374,0.005894007279,0.006166168425
paymentservice_mem,-0.293990791,-0.161016398,-0.2102540378,0.2304394719,-0.03531785299,-0.1412730866,-0.181148182,-0.01165199932,-0.04382430504,-0.03835419132,-0.07351975895,0.1399218998,0.1247764415,0.06338398231,-0.01084531999,-0.04368524941,-0.0919328726,-0.02546699102,0.2717277539,-0.04021569831,0.02544750434,-0.03154418847,0.008486743211,0.163172889,-0.007296693231,-0.03920748702,-0.07427464386,0.1282315375,0.1262479966,0.2433057599,-0.03709943797,0.1068853563,0.4782375827,-0.20945983,-0.5385939266,-0.01050479005,1,-0.01161356601,-0.101736747,0.1331722584,0.129900506,0.3115464037,-0.08500710345,-0.2707881475,0.129243979,0.1301759405,0.2747141267,-0.0375905721,0.05502916977,0.1582736722,-0.05037921452,-0.1881528576,-0.1216557741,0.3510225147,-0.03383637788
paymentservice_workload,0.02509701777,0.03280040015,0.03577779731,-0.006606688215,0.2283026274,0.04417478391,0.0414153495,-0.0005848932525,0.00892712511,0.4454245987,0.02744990285,-0.08624815058,-0.08350816563,-0.02376796325,0.8885358735,0.05413024394,-0.009213281635,0.01105205983,-0.007375465686,0.3427508525,0.04582800749,0.02585821193,-0.001916303578,0.003144881941,0.8858266892,0.4003568301,0.0613203766,-0.08817180313,-0.08746037558,-0.02510683005,0.2979008873,0.05100340528,-0.03105376715,0.02605282431,0.02870984782,0.005915179972,-0.01161356601,1,0.05919033381,-0.0749152036,-0.08808796369,0.007048556583,0.4125861019,0.03542182812,-0.08798736326,-0.08456449455,-0.00446273311,0.3683694038,0.0447024235,0.000191943956,0.04514750965,0.01466878741,0.01202364217,-0.003127258138,0.6891424538
productcatalogservice_cpu,0.1829309011,0.4276218251,0.4723682762,-0.07881869549,0.18345363,0.583747927,0.5297691429,-0.04104671874,0.04376558686,0.1847509517,0.2494462494,-0.7096318568,-0.6917450463,-0.2800194077,0.05803679038,0.6514998369,-0.2429876605,-0.01560987355,-0.07582481208,0.2008220191,0.4220303995,0.3244758887,0.01477763285,-0.01360918885,0.05545840021,0.1798719967,0.6480339173,-0.724446972,-0.7299374992,-0.4586228629,0.1766951084,0.5309278796,-0.2049432147,0.1642458184,0.2547020602,0.01106021422,-0.101736747,0.05919033381,1,-0.6352560607,-0.7235745709,-0.05041480677,0.3899178293,0.3081705867,-0.7255111075,-0.7173484522,-0.1002620211,0.1774332294,0.5288497848,-0.02205636054,0.4874007541,0.3016347154,0.2372784233,-0.05630491064,0.1293684794
productcatalogservice_latency-50,-0.2273399199,-0.3882971297,-0.4060156175,0.0664172232,-0.2180722841,-0.4528101792,-0.4555879715,-0.01444551339,-0.1537432649,-0.2278520314,-0.2340627026,0.8547606163,0.8210686282,0.3671421653,-0.07147244713,-0.5248271701,0.2089526656,-0.009950380068,0.01761685286,-0.2479826865,-0.3956049927,-0.3157877295,-0.01380653333,-0.0148751132,-0.06925711729,-0.216491517,-0.624882306,0.8702655763,0.8683933638,0.3280966127,-0.2147380902,-0.5434537347,0.2194805127,-0.1847651064,-0.3477168652,-0.01467150345,0.1331722584,-0.0749152036,-0.6352560607,1,0.8854461696,-0.02963084328,-0.5624785036,-0.3473383609,0.8729179889,0.8705949144,0.05852433453,-0.2149085798,-0.4769890939,-0.01703543617,-0.4185564345,-0.1577533644,-0.09089613643,0.04302133166,-0.1563345568
productcatalogservice_latency-90,-0.2680473264,-0.4471004865,-0.4831074373,0.0807893539,-0.2548374547,-0.4967155897,-0.5369848549,-0.02639846267,-0.1550259343,-0.2580006526,-0.2757326402,0.9841346722,0.9433869873,0.3573041336,-0.08324124734,-0.6145538082,0.2222182531,-0.01232698433,0.08525876388,-0.2831866311,-0.4602003787,-0.3723364292,-0.01596817137,-0.01751098757,-0.08104790565,-0.2485074519,-0.708717863,0.9993250594,0.9971561868,0.4029184322,-0.2492161272,-0.6221520752,0.3280544029,-0.2117308467,-0.3428682851,-0.01679278346,0.129900506,-0.08808796369,-0.7235745709,0.8854461696,1,-0.03244443902,-0.5414781301,-0.3988235398,0.9993214843,0.9840455336,0.09368410974,-0.2456036835,-0.5523778227,-0.01840542686,-0.4793710851,-0.1795566738,-0.1065891379,0.05576137319,-0.1764093438
productcatalogservice_mem,0.367011245,0.07427887493,-0.06186832655,0.7025364254,-0.003472209451,0.008390496238,-0.1215937896,-0.01890116697,0.5314145409,0.001370364245,-0.01128772266,-0.0339316898,-0.03384639845,0.1337726003,0.001439421698,0.08328975992,0.06772755918,-0.01123758897,0.7656891723,-0.006373630291,-0.0695688136,-0.1144239809,-0.00413081295,0.7723032414,0.003099304704,-0.0008755291088,-0.003638957277,-0.03193094473,-0.03489888374,0.5089721178,-0.004049143083,0.1039313603,0.4325708658,0.04954603234,-0.02205801093,-0.004256703671,0.3115464037,0.007048556583,-0.05041480677,-0.02963084328,-0.03244443902,1,0.007641675037,0.05256203978,-0.03163535517,-0.03055173186,0.6726113537,-0.001329117797,-0.0508587212,0.7791713807,0.09053868889,-0.03265551008,0.07890587437,0.812788716,0.003145802994
productcatalogservice_workload,0.1398440914,0.2342069225,0.2452603227,-0.04952955146,0.6955950636,0.2789203268,0.2773024648,0.009723945938,0.08383790366,0.7726593043,0.1398924893,-0.5253121223,-0.5035469298,-0.2183082776,0.3916585198,0.325264618,-0.1290483721,0.009277666459,-0.03147897256,0.6488414811,0.2456053286,0.1916109093,0.001339853596,-0.0007900788112,0.3701827041,0.7979437499,0.3825604307,-0.5348139973,-0.5333814062,-0.2130201063,0.6274732872,0.3373422213,-0.1488447857,0.1163044339,0.2020707868,0.01663094758,-0.08500710345,0.4125861019,0.3899178293,-0.5624785036,-0.5414781301,0.007641675037,1,0.2107252423,-0.5359698798,-0.532716683,-0.04892077609,0.8054703635,0.2934714377,-0.0007543489558,0.255695145,0.09687961752,0.05714476215,-0.03654268803,0.6720488767
recommendationservice_cpu,0.3639214212,0.1199394781,0.1602490072,-0.04141149123,0.09437771837,0.388804259,0.1417435244,-0.01839222386,0.3110117038,0.09897452825,0.1369866109,-0.407097329,-0.3781523745,-0.1557611242,0.02957371902,0.2842885457,0.302129085,0.00830047289,-0.03616602403,0.1124183282,0.02109701969,-0.189130738,-0.02234889431,0.0154952774,0.02874787787,0.09151495695,0.2858907595,-0.3975690151,-0.3999503289,0.1105551022,0.1033773368,-0.003674149606,-0.3369028339,0.2103104768,0.4898753956,0.03707058287,-0.2707881475,0.03542182812,0.3081705867,-0.3473383609,-0.3988235398,0.05256203978,0.2107252423,1,-0.3979521484,-0.3934429595,0.0660110859,0.09222704994,-0.1297228123,0.02495746474,0.2257311997,0.02064004667,-0.1621716202,-0.09960379267,0.07070584985
recommendationservice_latency-50,-0.2677280001,-0.4494597699,-0.4839933826,0.08123942877,-0.2552635463,-0.4964708589,-0.5382096245,-0.0245662365,-0.1530597228,-0.2579939483,-0.2760863451,0.9855119164,0.9449841189,0.3556431313,-0.08308878404,-0.6167877743,0.2227112658,-0.01245205329,0.08890495662,-0.2830516117,-0.461249179,-0.3743074335,-0.01609886084,-0.01767737413,-0.08095013988,-0.2486258397,-0.7100292849,0.9996820276,0.9973605755,0.4063886824,-0.2492471914,-0.6230326768,0.331921803,-0.2120288522,-0.3398100422,-0.01664608264,0.129243979,-0.08798736326,-0.7255111075,0.8729179889,0.9993214843,-0.03163535517,-0.5359698798,-0.3979521484,1,0.9867330178,0.09558051035,-0.2457149644,-0.5540075814,-0.01805562528,-0.4803574385,-0.1830762458,-0.1094261575,0.05608267641,-0.1760398046
recommendationservice_latency-90,-0.2589890438,-0.4343848346,-0.4549454923,0.08001195413,-0.2512918619,-0.4975436539,-0.5128970784,0.005535558805,-0.1521294378,-0.2537246679,-0.2711310619,0.9741162011,0.9348351018,0.3731288353,-0.07951248659,-0.6054833222,0.2314633835,-0.00657295902,0.08295348177,-0.2775370809,-0.449737622,-0.3677359967,-0.01563636895,-0.01810104776,-0.07755912318,-0.2441453914,-0.7079201173,0.9832132507,0.9825068232,0.4000805792,-0.2448322561,-0.6114392774,0.3280108985,-0.2101457777,-0.3357856516,-0.01679932758,0.1301759405,-0.08456449455,-0.7173484522,0.8705949144,0.9840455336,-0.03055173186,-0.532716683,-0.3934429595,0.9867330178,1,0.09191767424,-0.2415481172,-0.5416949039,-0.017483066,-0.4722335846,-0.1739239786,-0.09185794314,0.05424523595,-0.1713857258
recommendationservice_mem,0.4466826423,0.1894354515,0.1350913007,0.726084915,-0.03721172129,0.1203405536,0.09205280385,-0.007672922804,0.7078471534,-0.03331424557,0.003059970671,0.08928597095,0.0862131444,0.1127431312,-0.007172120817,-0.08649707673,0.09611465154,-0.00809848117,0.6947735258,-0.04440397619,0.04393463394,0.08506939058,0.001216887239,0.7284987676,-0.004062442539,-0.03491598395,-0.07149217471,0.09616530509,0.09468386411,0.4696518266,-0.03485799383,0.005461130303,0.2364007342,0.0852115368,0.1327402641,0.02559384892,0.2747141267,-0.00446273311,-0.1002620211,0.05852433453,0.09368410974,0.6726113537,-0.04892077609,0.0660110859,0.09558051035,0.09191767424,1,-0.03420436117,0.002800263641,0.759125909,-0.07308847459,-0.08137593106,-0.1377999002,0.7875156763,-0.02268738553
recommendationservice_workload,0.0645563413,0.1016777179,0.1075583229,-0.02771509623,0.7169845956,0.1241636687,0.1223061926,0.001727985662,0.02930834534,0.900097614,0.06366708498,-0.2419056755,-0.2314225844,-0.08729136913,0.3753698791,0.1509538688,-0.06458151897,0.007708936757,-0.03027135016,0.6414232342,0.1118889725,0.08354335619,-0.003000220601,-0.003010078386,0.3323370657,0.8158573986,0.1720129596,-0.2458394078,-0.2453134028,-0.1073806719,0.6221135261,0.1531093487,-0.08964813494,0.05507898332,0.07852146629,0.01363025315,-0.0375905721,0.3683694038,0.1774332294,-0.2149085798,-0.2456036835,-0.001329117797,0.8054703635,0.09222704994,-0.2457149644,-0.2415481172,-0.03420436117,1,0.1322998168,-0.002470022655,0.1180695231,0.03847348076,0.02861785103,-0.02129937339,0.6474553941
redis_cpu,0.05263107156,0.534170833,0.6177778128,-0.02188271575,0.146114545,0.3535529366,0.6775676234,-0.01260360892,-0.01180460057,0.1404199982,0.2550797674,-0.5283052841,-0.5309025459,-0.2200635548,0.04078163151,0.3990597,-0.5284219147,-0.01356421175,-0.0718946133,0.1540971994,0.663543919,0.7592442565,0.03326713835,-0.00217471505,0.03974797258,0.1378872679,0.5269469206,-0.5540906954,-0.5551183532,-0.4828222976,0.1382080944,0.7623223325,0.04861944159,0.1148391202,0.1346280785,0.01990168893,0.05502916977,0.0447024235,0.5288497848,-0.4769890939,-0.5523778227,-0.0508587212,0.2934714377,-0.1297228123,-0.5540075814,-0.5416949039,0.002800263641,0.1322998168,1,-0.02170629199,0.2704907698,0.1970066941,0.2383613043,0.03748604703,0.09628612259
redis_mem,0.4787784339,0.2380565955,0.08505872052,0.70994749,-0.006219710763,0.08558639846,0.02384402994,-0.01360526589,0.6283971077,-0.0007194671561,0.01960421348,-0.02165391046,-0.01949483758,0.09301474995,0.0009766597734,0.04094983829,-0.03126952845,0.0003658618827,0.776286868,-0.01026175502,-0.03913420507,0.01630621314,-0.004149386598,0.8897129834,0.0036456236,-0.006035547544,-0.01314212989,-0.018338401,-0.02089616205,0.3197566077,-0.004354396319,0.03572050117,0.1090135442,0.1015963487,0.09595911844,-0.002208870252,0.1582736722,0.000191943956,-0.02205636054,-0.01703543617,-0.01840542686,0.7791713807,-0.0007543489558,0.02495746474,-0.01805562528,-0.017483066,0.759125909,-0.002470022655,-0.02170629199,1,0.05781956622,0.01993347594,0.0909334132,0.8527298327,-0.003003576174
shippingservice_cpu,0.1611026729,0.1726341363,0.1301329397,0.05238924147,0.1259830157,0.3430722661,0.1512151694,-0.02077251589,0.06120548847,0.127365453,0.248198401,-0.474017546,-0.4583587549,-0.1291753828,0.04363199422,0.5293957344,-0.03514428604,-0.005098059198,0.02860157788,0.1379155841,0.2457216775,0.1021477359,0.01128839218,0.06182370974,0.04089892055,0.124058688,0.4794154088,-0.479660453,-0.4812966671,-0.1892459135,0.1217786169,0.3809318589,-0.04241355252,0.1463188918,0.04476939043,-0.005424547226,-0.05037921452,0.04514750965,0.4874007541,-0.4185564345,-0.4793710851,0.09053868889,0.255695145,0.2257311997,-0.4803574385,-0.4722335846,-0.07308847459,0.1180695231,0.2704907698,0.05781956622,1,0.2454721672,0.2788249843,0.02599058961,0.0917603965
shippingservice_latency-50,0.1060766632,0.4503662308,0.376123567,0.00831108337,0.04763431185,0.1983849503,0.3681842159,0.08076194577,-0.011259227,0.03858726955,0.06876193528,-0.165692347,-0.1740210572,-0.07891652217,0.009239346758,0.416249205,0.1539357253,0.05606660136,-0.02134440377,0.04823461889,0.08736470985,0.1467528158,0.03893298422,0.06193183092,0.01065395652,0.04546249208,0.2235240677,-0.1810022152,-0.1687724566,-0.2737340616,0.03377223401,0.1479530773,0.006604801183,0.07597763851,0.1567238253,-0.01484867443,-0.1881528576,0.01466878741,0.3016347154,-0.1577533644,-0.1795566738,-0.03265551008,0.09687961752,0.02064004667,-0.1830762458,-0.1739239786,-0.08137593106,0.03847348076,0.1970066941,0.01993347594,0.2454721672,1,0.6765105002,-0.002025052287,0.03381799315
shippingservice_latency-90,0.06133402702,0.473442225,0.3432434482,0.1052972224,0.03652329345,0.06641871138,0.3095043506,0.06694764649,-0.08509145782,0.03207874272,0.05087707647,-0.08550031426,-0.1014768177,-0.01938155329,0.007503755873,0.3774831029,-0.1926732491,0.0399613109,0.09793922902,0.03686470286,0.0726733966,0.1753800149,0.02949287909,0.1341362264,0.006711651135,0.03403810559,0.149408773,-0.109622598,-0.09696035533,-0.3183358005,0.02908965404,0.2463190145,0.1801874477,0.01185521252,-0.01611625765,-0.03482958374,-0.1216557741,0.01202364217,0.2372784233,-0.09089613643,-0.1065891379,0.07890587437,0.05714476215,-0.1621716202,-0.1094261575,-0.09185794314,-0.1377999002,0.02861785103,0.2383613043,0.0909334132,0.2788249843,0.6765105002,1,0.08899673554,0.03070124021
shippingservice_mem,0.3521222126,0.169541862,0.02785899002,0.7507899428,-0.024419317,0.04105922641,-0.02115762364,-0.01420470266,0.5172664831,-0.02088527674,-0.01515645193,0.05848109163,0.05354046302,0.1296761831,-0.004421878076,0.03303443375,-0.04787607751,-0.005844122807,0.7890261103,-0.03268221833,-0.001858324983,0.03054271768,0.002048104634,0.8593748523,-0.001153967988,-0.02295768353,-0.04273913285,0.05613522193,0.05314406069,0.3398460789,-0.0222561518,0.09047538603,0.3298154244,0.0350667976,-0.09573390233,0.005894007279,0.3510225147,-0.003127258138,-0.05630491064,0.04302133166,0.05576137319,0.812788716,-0.03654268803,-0.09960379267,0.05608267641,0.05424523595,0.7875156763,-0.02129937339,0.03748604703,0.8527298327,0.02599058961,-0.002025052287,0.08899673554,1,-0.01252441498
shippingservice_workload,0.05197140347,0.07784559591,0.08102508501,-0.01843459907,0.4244796082,0.09584039507,0.09146737394,0.00223900175,0.02034725031,0.6881800912,0.05132274304,-0.1726595293,-0.1661310962,-0.06071070672,0.6911714938,0.1172522643,-0.04046754658,0.008172355886,-0.01974491006,0.5530563988,0.08647212571,0.0608077247,-0.0005624574793,0.0007323883391,0.6480226636,0.6780303684,0.1287023104,-0.176217812,-0.1757122786,-0.07347965004,0.4987463737,0.1116191523,-0.05898161574,0.04924889431,0.06053000031,0.006166168425,-0.03383637788,0.6891424538,0.1293684794,-0.1563345568,-0.1764093438,0.003145802994,0.6720488767,0.07070584985,-0.1760398046,-0.1713857258,-0.02268738553,0.6474553941,0.09628612259,-0.003003576174,0.0917603965,0.03381799315,0.03070124021,-0.01252441498,1
