case_id,target_service,extreme_cells,affected_rows
cartservice_cpu/1,cartservice,9,6
cartservice_cpu/2,cartservice,4,4
cartservice_cpu/3,cartservice,3,2
cartservice_delay/2,cartservice,18,17
cartservice_delay/4,cartservice,33,22
cartservice_delay/5,cartservice,13,13
cartservice_loss/1,cartservice,1261,188
cartservice_loss/2,cartservice,18,18
cartservice_loss/4,cartservice,0,0
cartservice_mem/2,cartservice,10,10
cartservice_mem/3,cartservice,19,11
cartservice_mem/5,cartservice,7,4
checkoutservice_cpu/1,checkoutservice,9,4
checkoutservice_cpu/4,checkoutservice,0,0
checkoutservice_cpu/5,checkoutservice,9,7
checkoutservice_delay/1,checkoutservice,3,2
checkoutservice_delay/4,checkoutservice,0,0
checkoutservice_delay/5,checkoutservice,4,3
checkoutservice_loss/2,checkoutservice,0,0
checkoutservice_loss/4,checkoutservice,0,0
checkoutservice_loss/5,checkoutservice,0,0
checkoutservice_mem/2,checkoutservice,424,78
checkoutservice_mem/4,checkoutservice,268,245
checkoutservice_mem/5,checkoutservice,11,7
currencyservice_cpu/1,currencyservice,45,19
currencyservice_cpu/4,currencyservice,16,10
currencyservice_cpu/5,currencyservice,18,9
currencyservice_delay/2,currencyservice,8,6
currencyservice_delay/3,currencyservice,18,15
currencyservice_delay/4,currencyservice,6,6
currencyservice_loss/1,currencyservice,38,35
currencyservice_loss/3,currencyservice,0,0
currencyservice_loss/5,currencyservice,0,0
currencyservice_mem/2,currencyservice,20,11
currencyservice_mem/3,currencyservice,28,16
currencyservice_mem/4,currencyservice,16,13
paymentservice_cpu/1,paymentservice,14,7
paymentservice_cpu/4,paymentservice,2,1
paymentservice_cpu/5,paymentservice,8,8
paymentservice_delay/1,paymentservice,62,57
paymentservice_delay/3,paymentservice,12,10
paymentservice_delay/5,paymentservice,14,14
paymentservice_loss/3,paymentservice,2,1
paymentservice_loss/4,paymentservice,0,0
paymentservice_loss/5,paymentservice,0,0
paymentservice_mem/3,paymentservice,10,10
paymentservice_mem/4,paymentservice,31,14
paymentservice_mem/5,paymentservice,35,34
productcatalogservice_cpu/1,productcatalogservice,1,1
productcatalogservice_cpu/2,productcatalogservice,15,5
productcatalogservice_cpu/5,productcatalogservice,1,1
productcatalogservice_delay/1,productcatalogservice,7,5
productcatalogservice_delay/2,productcatalogservice,0,0
productcatalogservice_delay/5,productcatalogservice,4,2
productcatalogservice_loss/2,productcatalogservice,2,2
productcatalogservice_loss/3,productcatalogservice,5,2
productcatalogservice_loss/4,productcatalogservice,8,2
productcatalogservice_mem/1,productcatalogservice,9,8
productcatalogservice_mem/2,productcatalogservice,4,4
productcatalogservice_mem/3,productcatalogservice,14,6
