feature,extreme_cells
adservice_mem,250
checkoutservice_mem,245
cartservice_mem,233
cartservice_latency-90,210
currencyservice_mem,181
recommendationservice_mem,177
emailservice_mem,176
adservice_cpu,173
productcatalogservice_mem,165
shippingservice_mem,164
redis_mem,151
adservice_workload,57
currencyservice_latency-90,43
recommendationservice_workload,40
frontend_workload,38
frontend-external_workload,31
paymentservice_latency-90,28
cartservice_workload,25
checkoutservice_latency-90,22
paymentservice_cpu,21
shippingservice_workload,21
paymentservice_workload,18
frontend_cpu,17
shippingservice_cpu,17
checkoutservice_workload,16
emailservice_cpu,16
emailservice_workload,16
checkoutservice_cpu,11
cartservice_cpu,9
currencyservice_workload,9
productcatalogservice_workload,8
emailservice_latency-90,5
shippingservice_latency-50,3
adservice_latency-50,0
adservice_latency-90,0
cartservice_latency-50,0
checkoutservice_latency-50,0
currencyservice_cpu,0
currencyservice_latency-50,0
emailservice_latency-50,0
frontend_latency-50,0
frontend_latency-90,0
frontend_mem,0
main_cpu,0
main_mem,0
paymentservice_latency-50,0
paymentservice_mem,0
productcatalogservice_cpu,0
productcatalogservice_latency-50,0
productcatalogservice_latency-90,0
recommendationservice_cpu,0
recommendationservice_latency-50,0
recommendationservice_latency-90,0
redis_cpu,0
shippingservice_latency-90,0
