,count,mean,std,min,1%,50%,95%,99%,max,skew,unique_values,train_cases_constant
adservice_cpu,21593,1.135115763,0.4415521638,0.4746114225,0.7112159059,1.020659594,1.511851921,2.999559719,6.13542978,5.68780708,4973,0
adservice_latency-50,21600,0.0008233324289,0.0004722975052,0.000306271777,0.0003158711404,0.001032539221,0.001464323755,0.001724435886,0.002857969896,0.3357424601,12575,0
adservice_latency-90,21600,0.003961862786,0.000426691613,0.002822910217,0.00308707124,0.004226638253,0.004399702823,0.004519088838,0.004730179321,-0.5566954607,12724,0
adservice_mem,21600,94279641.13,8805957.125,85909504,87162880,94449664,97087488,164823040,178528256,7.661073725,699,0
adservice_workload,21600,58.1427969,20.02390404,0,0,58,86,126,204,0.7842402923,1087,0
cartservice_cpu,21592,5.498903085,1.139472491,2.17925986,3.208388944,5.424482697,7.525924444,8.52754271,12.44635132,0.4236785611,5179,0
cartservice_latency-50,21600,0.002683143315,0.0005775438211,0.001584312239,0.001765942542,0.003061002179,0.003267715038,0.003384358026,0.00401365103,-0.4440916636,12917,0
cartservice_latency-90,21600,0.008174621769,0.02583540262,0.004355665025,0.004391362126,0.004744797819,0.007936902299,0.1339823009,0.6375358166,10.46187503,12930,0
cartservice_mem,21600,43993351.02,6160499.023,40067072,40165376,41160704,51515392,75964416,97538048,5.479814983,473,0
cartservice_workload,21600,98.19591625,33.36808953,0,0,96,150,198,344,0.4999424935,942,0
checkoutservice_cpu,21600,0.9009187379,0.151079878,0.34793394,0.6208749462,0.9076495462,1.062814317,1.124827044,6.765164223,16.52575113,4894,0
checkoutservice_latency-50,21600,0.09046567121,0.1473994068,0.01903281426,0.01956140351,0.02486956522,0.43125,0.5223214286,0.8214285714,1.915763746,7233,0
checkoutservice_latency-90,21600,0.2721545076,0.5166703205,0.03560810811,0.03892025,0.04627155813,1.530769323,1.78,4.822368421,2.267415986,8289,0
checkoutservice_mem,21600,12377458.35,5752103.528,9506816,9809920,11358208,14258176,63995904,64954368,8.390618905,549,0
checkoutservice_workload,21600,3.640377407,3.721425467,0,0,4,10,16,32,1.22968619,353,0
currencyservice_cpu,21600,6.621307865,0.8165408703,2.660726624,4.594524884,6.701040757,8.058069779,8.781470142,9.450593079,-0.01646351266,4893,0
currencyservice_latency-50,21600,0.001133826803,0.0004811980711,0.0003375085793,0.000351414573,0.001331049531,0.001675925661,0.001936439913,0.002643893209,-0.6180421827,13655,0
currencyservice_latency-90,21600,0.004483171269,0.004147916865,0.003504546473,0.003661483453,0.004347956056,0.004540062233,0.004689214818,0.1907228916,26.88285765,13662,0
currencyservice_mem,21600,42133533.96,3926849.72,38170624,38576128,41299968,45588480,48496640,84987904,7.176378358,991,0
currencyservice_workload,21600,307.9849044,95.44618933,28,82,302,470,568.02,880,0.4625882758,1233,0
emailservice_cpu,21600,0.6251912518,0.06479461882,0.209249286,0.4507401956,0.6255363001,0.7176940671,0.7494230314,0.796920594,-0.5578063694,4982,0
emailservice_latency-50,21600,0.002765579619,0.0002184363442,0.001896537887,0.00223655914,0.00282122905,0.003007723504,0.003018181818,0.003275862069,-0.62643371,5217,0
emailservice_latency-90,21600,0.004587796337,0.001764756363,0.004379307577,0.004449180328,0.004572066899,0.004629416301,0.004660268155,0.1334615385,72.30713509,5843,0
emailservice_mem,21600,42432632.04,3696062.061,41283584,41283584,42168320,42356736,43851776,83107840,10.80367501,140,15
emailservice_workload,21600,3.641844167,3.792349645,0,0,4,11.9646,16,32,1.232959833,334,0
frontend-external_workload,21600,50.98953241,17.86695324,0,4,50,78,110,172,0.6928226124,515,0
frontend_cpu,21600,14.05337358,1.378864905,4.394590426,9.853701881,14.57692696,15.52188689,16.04036899,17.45710008,-1.251915733,4903,0
frontend_latency-50,21600,0.2605217246,0.533122026,0.01756542238,0.01920609208,0.02180805176,1.459852569,1.472993046,1.487299465,1.789305998,11959,0
frontend_latency-90,21600,0.4620284638,0.8221317222,0.04010128081,0.04918175235,0.08538660834,2.297633555,2.303734721,2.332551929,1.77185098,12030,0
frontend_mem,21600,17896966.26,2068590.992,13361152,13807616,17666048,21659648,22418595.84,25743360,0.4455273822,864,0
frontend_workload,21600,50.87604194,17.80639147,0,4,50,78,110,188,0.6930617159,401,0
main_cpu,21600,6.330054071,0.8714701103,2.185587883,4.260029618,6.311788522,7.605812438,7.779933767,8.398929886,-0.3088650964,4940,0
main_mem,21600,82309823.15,24138511.44,51769344,52199424,74375168,127994470.4,131706880,132005888,0.6350353117,495,7
paymentservice_cpu,21592,0.3641453549,0.09682091339,0.12697656,0.2537328225,0.3586584912,0.4566008041,0.5209587286,5.013393193,26.21106539,4884,0
paymentservice_latency-50,21600,0.002253821889,0.000463767086,0.001299065421,0.001512396694,0.002146496815,0.002974248927,0.003009615385,0.003342105263,0.1850092193,6899,0
paymentservice_latency-90,21600,0.005262195798,0.02367643311,0.004268852459,0.004305207206,0.004438993711,0.004613793103,0.004660789634,1.095454889,35.57745797,7190,0
paymentservice_mem,21600,35513011.2,3698143.461,21188608,22749184,35540992,40644608,41771008,42995712,-1.22917382,1109,0
paymentservice_workload,21600,3.634284583,3.423544313,0,0,4,10,14,32,1.223508222,390,0
productcatalogservice_cpu,21589,6.952344196,0.7881781435,3.485018649,4.820713138,7.15009369,8.02165631,8.5573931,10.8418796,-0.6776749417,5002,0
productcatalogservice_latency-50,21600,0.02247234852,0.05677924394,0.0002851769987,0.0002904076692,0.0003266017344,0.175,0.175,0.1751246636,2.251470385,14433,2
productcatalogservice_latency-90,21600,0.04115826506,0.08471020743,0.001762806673,0.002138514737,0.003367619995,0.235,0.235,0.2352527255,1.792881659,14474,2
productcatalogservice_mem,21600,9622374.969,1054417.644,8835072,8929280,9424896,11923456,12214272,20213760,6.672076993,321,0
productcatalogservice_workload,21600,530.2835757,200.231546,26,93.98,534,840,1084.02,1760,0.2982887906,1810,0
recommendationservice_cpu,21596,4.666025253,0.5966439641,2.381979087,3.374337953,4.687158264,5.6847624,6.229777802,6.611511624,0.2786153638,4934,0
recommendationservice_latency-50,21600,0.03297319253,0.06633208086,0.003030898876,0.003063564132,0.003329472329,0.1824307692,0.1873797242,0.19802754,1.791030154,12048,0
recommendationservice_latency-90,21600,0.04965473615,0.09719071591,0.004655617978,0.004714415437,0.007102393617,0.2483753846,0.3560990854,0.4729292929,1.940090469,12114,0
recommendationservice_mem,21600,48107668.48,3880787.321,42409984,42893312,47992832,51277824,52604928,84754432,6.546067973,196,6
recommendationservice_workload,21600,72.83497019,25.83934364,0,0,72,112,152.02,264,0.6383302357,793,0
redis_cpu,21600,0.3446983023,0.05960835058,0.08625427166,0.2225353683,0.3363317903,0.4390608718,0.4553976767,0.4672846952,0.0273122523,4983,0
redis_mem,21600,3118243.271,247932.46,3006464,3031040,3063808,3211264,3321856,5992448,10.68928298,62,0
shippingservice_cpu,21597,0.8568116404,0.07805853108,0.3050104982,0.626205029,0.8692896966,0.9614262669,1.003696712,1.074157584,-0.9217631052,5133,0
shippingservice_latency-50,21600,0.0004938417666,0.0002654903385,0.0003166554735,0.0003280473252,0.0003902198068,0.001181255546,0.001378624699,0.002387207361,2.314741741,11952,0
shippingservice_latency-90,21600,0.003924670161,0.0002309327804,0.003131969309,0.003334623656,0.003901219532,0.004271091114,0.004347213252,0.004516937193,-0.270401458,12016,0
shippingservice_mem,21600,8977339.544,656722.0448,8114176,8257536,8957952,9322496,10989568,15917056,8.423382433,302,0
shippingservice_workload,21600,29.19013954,14.1392983,0,0,28,54,70,140,0.7460349754,814,0
