feature,mean_absolute_correlation
emailservice_latency-90,0.01198422352
currencyservice_latency-90,0.01363077292
paymentservice_latency-90,0.01674959934
cartservice_latency-90,0.020371555
emailservice_workload,0.1114796697
checkoutservice_workload,0.1176382894
paymentservice_workload,0.120592982
paymentservice_cpu,0.122341493
shippingservice_latency-90,0.1272850853
checkoutservice_cpu,0.1294190844
paymentservice_mem,0.1302700293
shippingservice_latency-50,0.133254077
redis_mem,0.1449660795
emailservice_mem,0.1529772292
productcatalogservice_mem,0.1532438649
currencyservice_latency-50,0.1538972702
checkoutservice_mem,0.1546930007
shippingservice_mem,0.1573176797
adservice_mem,0.1581556508
currencyservice_mem,0.1597287996
recommendationservice_mem,0.1718396143
shippingservice_workload,0.1752445413
main_mem,0.1770100133
recommendationservice_cpu,0.1785223239
frontend_workload,0.181584573
adservice_workload,0.1866291596
cartservice_mem,0.1885037442
shippingservice_cpu,0.195546892
recommendationservice_workload,0.1977048432
paymentservice_latency-50,0.199571808
currencyservice_workload,0.2036307814
frontend-external_workload,0.2065453121
cartservice_workload,0.2105616132
adservice_cpu,0.2115146492
emailservice_cpu,0.2207133848
emailservice_latency-50,0.2221539004
cartservice_cpu,0.2430341326
currencyservice_cpu,0.2528537698
frontend_mem,0.259062362
main_cpu,0.2686046054
redis_cpu,0.2686703615
adservice_latency-90,0.2837764431
frontend_cpu,0.2846206325
adservice_latency-50,0.285860415
productcatalogservice_workload,0.2958309914
cartservice_latency-50,0.2981154546
productcatalogservice_cpu,0.3068415821
productcatalogservice_latency-50,0.3195643277
checkoutservice_latency-90,0.3468988074
checkoutservice_latency-50,0.3562844428
recommendationservice_latency-90,0.3577463141
frontend_latency-90,0.3627572237
productcatalogservice_latency-90,0.3635877047
frontend_latency-50,0.3636474873
recommendationservice_latency-50,0.3638495528
