threshold,precision,recall,f1,pre_fault_fpr,median_detection_delay
0.23855703187028776,0.6742125984251969,0.9487534626038782,0.7882623705408516,0.5,1.0
0.23887178266513262,0.6746133385873313,0.9484764542936288,0.7884405042887571,0.4989425981873112,1.0
0.2390911533155162,0.674980283911672,0.9483379501385042,0.7886431697765491,0.49803625377643507,1.0
0.2393040447277563,0.6754463845319127,0.9483379501385042,0.7889612260183212,0.49697885196374625,1.0
0.23946539361585542,0.6758464120027637,0.9483379501385042,0.7892340499106679,0.4960725075528701,1.0
0.23969600705808286,0.676313709996049,0.9483379501385042,0.7895525830258302,0.49501510574018126,1.0
0.23992634150860542,0.6767497034400949,0.9481994459833795,0.7898015689893862,0.49395770392749244,1.0
0.24004719142359565,0.6771513353115727,0.9481994459833795,0.790075014425851,0.4930513595166163,1.0
0.24028573646610762,0.6776205087597743,0.9481994459833795,0.7903942735092073,0.4919939577039275,1.0
0.2407223231326848,0.6780903328050714,0.9481994459833795,0.7907137907137907,0.4909365558912387,1.0
0.2409965274021398,0.6784935579781962,0.9481994459833795,0.7909878682842287,0.4900302114803625,1.0
0.24150500476924738,0.6789645938708717,0.9481994459833795,0.791307865688031,0.4889728096676737,1.0
0.24172678500528078,0.6793688597796963,0.9481994459833795,0.7915823553217319,0.4880664652567976,1.0
0.2419847823889288,0.6798411122144985,0.9481994459833795,0.7919028340080971,0.48700906344410877,1.0
0.2422352165869162,0.6803140216635198,0.9481994459833795,0.7922235722964763,0.48595166163141995,1.0
0.2424426972894064,0.6807198965894402,0.9481994459833795,0.7924986976905714,0.4850453172205438,1.0
0.242562613812206,0.6811940298507463,0.9481994459833795,0.7928199189345686,0.48398791540785496,1.0
0.24299544997216074,0.6816688240565568,0.9481994459833795,0.7931414006835429,0.48293051359516614,1.0
0.24347719410506208,0.6820446392985253,0.9480609418282548,0.7933472415391748,0.48202416918429003,1.0
0.2437215925167893,0.6825206899990028,0.9480609418282548,0.7936691982143892,0.4809667673716012,1.0
0.24397368078010626,0.682897625224506,0.9479224376731302,0.7938754204848625,0.4800604229607251,1.0
0.24409792249740944,0.6833749375936096,0.9479224376731302,0.794197853205686,0.4790030211480363,1.0
0.24427744229579473,0.6838529176658673,0.9479224376731302,0.7945205479452055,0.4779456193353474,1.0
0.2446140955172854,0.6842,0.9476454293628809,0.79465737514518,0.4770392749244713,1.0
0.24489598118752,0.6846477181745396,0.9475069252077563,0.7949105275389263,0.47598187311178247,1.0
0.24523284578986618,0.6850590827158021,0.9475069252077563,0.7951877252121352,0.47507552870090636,1.0
0.24548153397981748,0.6855396332297825,0.9475069252077563,0.7955113669399385,0.47401812688821754,1.0
0.2456514440644872,0.6859578736208626,0.9472299168975069,0.795695171611402,0.4729607250755287,1.0
0.2459981683099753,0.6863709353673224,0.9472299168975069,0.7959729981378026,0.47205438066465255,1.0
0.24631472691006173,0.6868534699206589,0.9472299168975069,0.7962973743959946,0.47099697885196373,1.0
0.24657776032988243,0.6873366834170854,0.9472299168975069,0.7966220151426908,0.4699395770392749,1.0
0.24696386521654012,0.6877200040229307,0.9470914127423823,0.7968303909572918,0.4690332326283988,1.0
0.24708952995149158,0.6882045088566827,0.9470914127423823,0.7971555141058522,0.46797583081571,1.0
0.24740534249911475,0.688588981770571,0.9469529085872577,0.7973642778004548,0.4670694864048338,1.0
0.24773081567014307,0.6890747833098165,0.9469529085872577,0.7976898844942247,0.466012084592145,1.0
0.2479043711290782,0.6895612708018154,0.9469529085872577,0.7980157572220601,0.4649546827794562,1.0
0.24825915284130254,0.6899788071450197,0.9469529085872577,0.7982952886916924,0.46404833836858006,1.0
0.24860936013931828,0.6904353095646905,0.9468144044321329,0.7985514864785935,0.46299093655589124,1.0
0.24885804618275184,0.6909237921972913,0.9468144044321329,0.7988781114876709,0.4619335347432024,1.0
0.24919037009910552,0.6912805988266235,0.9465373961218837,0.7990178884601894,0.4610271903323263,1.0
0.24958430131358667,0.6917080085046067,0.9462603878116344,0.7992045388079779,0.45996978851963743,1.5
0.2499165717089085,0.6920660654574932,0.945983379501385,0.7993446076423429,0.4590634441087613,1.5
0.25004556996829663,0.6925572906104238,0.945983379501385,0.7996721695351833,0.4580060422960725,1.5
0.2506350439376014,0.6929245761851589,0.9454293628808864,0.7997188213930057,0.4569486404833837,1.5
0.2508834681222076,0.6933468765871,0.9454293628808864,0.8,0.45604229607250757,1.5
0.25111629316376677,0.6938402114250865,0.9454293628808864,0.8003282917106344,0.45498489425981875,1.5
0.25127746602259937,0.6942636289666395,0.9454293628808864,0.8006098991320665,0.4540785498489426,1.5
0.2517406400085502,0.6946961213478571,0.9451523545706371,0.8007979815760136,0.45302114803625376,1.5
0.2519728475328153,0.6951604686704025,0.9450138504155124,0.8010566480774876,0.45196374622356494,1.5
0.25237633582616775,0.6955856866143337,0.9450138504155124,0.8013388924775383,0.45105740181268883,1.5
0.25294092842589494,0.6960514233241506,0.9448753462603878,0.801598025967922,0.45,1.5
0.25337524691481994,0.6965179209639538,0.9447368421052632,0.8018574031622876,0.4489425981873112,1.5
0.25369530612819574,0.6969139587165338,0.9445983379501385,0.8020698576972833,0.448036253776435,1.5
0.2539716927494893,0.697381877684598,0.9444598337950139,0.8023296858453935,0.4469788519637462,1.5
0.2541733649123019,0.6978100695865739,0.9444598337950139,0.8026129943502825,0.4460725075528701,1.5
0.2544822151173687,0.6982793936911103,0.9443213296398892,0.8028732925105984,0.44501510574018127,1.5
0.2546920167764989,0.6987803628164395,0.9443213296398892,0.8032043352771396,0.44395770392749245,1.5
0.2551579619163753,0.6991794871794872,0.9441828254847645,0.8034177961107838,0.44305135951661634,2.5
0.25541314439947893,0.6996818228471723,0.9441828254847645,0.803749336791841,0.44199395770392746,2.5
0.2557315543155057,0.7001848808545604,0.9441828254847645,0.8040811512149092,0.44093655589123865,2.5
0.25608268874710255,0.7005858772741289,0.9440443213296399,0.8042952386571479,0.44003021148036253,2.5
0.2566734441926887,0.7010595617734801,0.9439058171745153,0.8045569919131103,0.4389728096676737,2.5
0.2570875695536086,0.7014925373134329,0.9439058171745153,0.8048420431059936,0.4380664652567976,2.5
0.2573563347544893,0.7019983518747425,0.9439058171745153,0.8051748582230625,0.4370090634441088,2.5
0.2575564675750215,0.7025048964024327,0.9439058171745153,0.8055079487027953,0.43595166163141996,2.5
0.25780917656399044,0.70293965961836,0.9439058171745153,0.8057936742536211,0.4350453172205438,2.5
0.2581975991964085,0.703447563996697,0.9439058171745153,0.8061272770286255,0.433987915407855,2.5
0.258570849848914,0.7038529077574631,0.9437673130193905,0.8063428199514822,0.43308157099697886,2.5
0.25890157124555035,0.704362207980153,0.9437673130193905,0.8066769267195455,0.43202416918429004,2.5
0.2590348139374286,0.7048111743404035,0.9434903047091413,0.8068700029612081,0.4309667673716012,2.5
0.2593969507462506,0.7052184717332781,0.9433518005540166,0.8070861476478256,0.43006042296072505,2.5
0.25977272913978733,0.7057299761682727,0.9433518005540166,0.8074210183154524,0.42900302114803623,2.5
0.26026920475089077,0.7062422231439237,0.9433518005540166,0.8077561669829222,0.4279456193353474,2.5
0.2606859971320013,0.7066514475459168,0.943213296398892,0.8079729489232959,0.4270392749244713,2.5
0.2609875609173696,0.7071651090342679,0.943213296398892,0.8083086053412463,0.4259818731117825,2.5
0.26131947428978325,0.7075148113501715,0.942797783933518,0.8083843002197019,0.42507552870090637,2.5
0.26148955116692807,0.7080299563137091,0.942797783933518,0.8087204467149816,0.42401812688821755,2.5
0.2621271247034761,0.7084851639770953,0.9425207756232687,0.8089153046062407,0.4229607250755287,2.5
0.2624768026861614,0.7088673543815776,0.9422437673130194,0.8090622584289707,0.42205438066465256,2.5
0.2627162411271205,0.7093847758081335,0.9422437673130194,0.8093991671624032,0.42099697885196374,2.5
0.26291803724180596,0.7099029531461963,0.9422437673130194,0.8097363566029876,0.4199395770392749,2.5
0.26310441079288405,0.7103477080505377,0.9422437673130194,0.8100255998094897,0.4190332326283988,2.5
0.26335599412639027,0.7108672936259143,0.9422437673130194,0.8103633114949375,0.41797583081571,2.5
0.2635250777910648,0.7113132580510246,0.9422437673130194,0.8106530028598666,0.4170694864048338,2.5
0.26400178614839825,0.7118342576122214,0.9422437673130194,0.8109912380044109,0.416012084592145,2.5
0.26448384025973837,0.7122957687473817,0.94196675900277,0.8111879770992366,0.4149546827794562,2.5
0.26484815426812314,0.7126533179578572,0.9415512465373961,0.8112655886389404,0.41404833836858007,2.5
0.26531820989120725,0.7131766680654636,0.9415512465373961,0.8116045845272206,0.41299093655589125,2.5
0.2654791237188611,0.7136258660508084,0.9415512465373961,0.8118953780007166,0.4120845921450151,2.5
0.26562227760842294,0.7141506460762685,0.9415512465373961,0.8122349005316924,0.41102719033232626,2.5
0.26602192516729883,0.7146461991378404,0.9414127423822715,0.8125037355806587,0.40996978851963745,3.5
0.2662770571487057,0.715097317201473,0.9414127423822715,0.8127952167414051,0.40906344410876133,3.5
0.26673697296615173,0.715564448188711,0.9411357340720221,0.8129935391241925,0.4080060422960725,3.5
0.2669998051981232,0.7160923174201708,0.9411357340720221,0.8133341313064815,0.4069486404833837,3.5
0.2674034317260578,0.7165453970262575,0.9411357340720221,0.8136262946776028,0.4060422960725076,3.5
0.26768616261119893,0.7170747150696496,0.9411357340720221,0.8139674173454718,0.4049848942598187,3.5
0.2680760901164319,0.7175290390707497,0.9411357340720221,0.8142600359496704,0.4040785498489426,3.5
0.26857550943580066,0.717970401691332,0.9407202216066483,0.814388489208633,0.4030211480362538,3.5
0.26882149622871115,0.7184722809987304,0.9405817174515235,0.8146593090211133,0.40196374622356495,3.5
0.2691037809457653,0.7188988883006882,0.9404432132963989,0.8148814881488148,0.40105740181268884,3.5
0.2696263697725213,0.7194023524425135,0.9403047091412743,0.8151527886173981,0.4,3.5
0.2699783111837552,0.7199363732767763,0.9403047091412743,0.8154954954954955,0.3989425981873112,3.5
0.270227953447548,0.7203650642046058,0.9401662049861496,0.8157183200144206,0.39803625377643503,3.5
0.27064739818455535,0.7208116434717943,0.9397506925207756,0.8158480129862322,0.3969788519637462,3.5
0.27105082937198055,0.7212417605783542,0.939612188365651,0.8160712137615783,0.3960725075528701,3.5
0.27151346084274697,0.7217493083634816,0.9394736842105263,0.8163437236731256,0.3950151057401813,3.5
0.27189901702129954,0.7222577209797657,0.9393351800554016,0.8166164960866947,0.39395770392749246,3.5
0.27211448824714585,0.7227195225916454,0.9393351800554016,0.8169115875692603,0.3930513595166163,3.5
0.2729320318343153,0.723259038071878,0.9393351800554016,0.8172561306260167,0.3919939577039275,3.5
0.2730731963491376,0.7236926360725721,0.939196675900277,0.8174804098854732,0.39108761329305136,3.5
0.2733741774876726,0.7242336857844708,0.939196675900277,0.8178254839293252,0.39003021148036254,3.5
0.2740129798176559,0.7247755451047456,0.939196675900277,0.8181708494208494,0.3889728096676737,3.5
0.2745046491993697,0.7252112525403787,0.9390581717451524,0.8183957993843924,0.3880664652567976,3.5
0.27495776340650346,0.7257546563904945,0.9390581717451524,0.818741697862577,0.38700906344410874,3.5
0.275259914215204,0.7262695521748447,0.9389196675900277,0.8190165518907817,0.3859516616314199,3.5
0.2756796581811573,0.7267367066895368,0.9389196675900277,0.8193135122069132,0.3850453172205438,3.5
0.27610717972376714,0.7272532188841202,0.938781163434903,0.8195888754534462,0.383987915407855,3.5
0.2763127585771386,0.7277217092548851,0.938781163434903,0.8198862949074633,0.38308157099697887,3.5
0.2766774915039945,0.7281814273430782,0.9383656509695291,0.8200193657709998,0.38202416918429005,3.5
0.2770594436950415,0.7286713286713287,0.9380886426592798,0.8202240387526492,0.38096676737160123,3.5
0.2774607960523663,0.7291128337639966,0.9379501385041551,0.820450690574267,0.38006042296072506,3.5
0.27799085518599354,0.7296044832417287,0.9376731301939059,0.8206557973210498,0.37900302114803625,3.5
0.2782682075999797,0.7301553062985332,0.9376731301939059,0.8210041232112538,0.3779456193353474,3.5
0.27842962961084183,0.7306281027412044,0.9376731301939059,0.8213029236928302,0.3770392749244713,3.5
0.2787441942615442,0.7311804730532455,0.9376731301939059,0.8216517992596639,0.3759818731117825,3.5
0.2790624169669176,0.7315965841530645,0.9373961218836565,0.8218080262279158,0.3750755287009063,3.5
0.27964913833028665,0.732092620644882,0.9371191135734072,0.822014336046653,0.3740181268882175,3.5
0.2799929530434065,0.7326185834957765,0.9369806094182825,0.8222924516834812,0.3729607250755287,3.5
0.2805674110141087,0.7330660019507966,0.9368421052631579,0.8225208244664681,0.3720543806646526,3.5
0.28074232402152627,0.7335936652565355,0.9367036011080332,0.8227994403552528,0.37099697885196375,3.5
0.28136286476878264,0.7340136792964933,0.936426592797784,0.8229566064147039,0.37009063444108764,3.5
0.28163127512849206,0.7345719252498913,0.936426592797784,0.823307355090112,0.36903323262839877,3.5
0.2820436244564059,0.7351022183558069,0.9362880886426593,0.8235867446393762,0.36797583081570995,3.5
0.2826354611175933,0.7355245973008272,0.93601108033241,0.8237445148707948,0.36706948640483383,3.5
0.28284598477256995,0.7360853937479578,0.93601108033241,0.8240960917017256,0.366012084592145,3.5
0.2830512425000874,0.736647045999564,0.93601108033241,0.8244479687690619,0.3649546827794562,3.5
0.28347836735389076,0.7370717870390574,0.9357340720221606,0.8246063712925668,0.3640483383685801,3.5
0.28404849130227644,0.737635113003603,0.9357340720221606,0.8249587886928383,0.36299093655589126,3.5
0.2844383166731309,0.738061414053109,0.9354570637119114,0.8251175859752,0.3620845921450151,3.5
0.28468324775158843,0.7386264216972879,0.9354570637119114,0.8254705450989979,0.3610271903323263,3.5
0.28486912433549844,0.7391351943076081,0.935180055401662,0.8256802201161724,0.35996978851963746,3.5
0.2855201849015233,0.7395639311931631,0.9349030470914127,0.8258396035969902,0.35906344410876134,3.5
0.2858181421634678,0.7401315789473685,0.9349030470914127,0.8261933904528764,0.3580060422960725,3.5
0.2859154109328556,0.7407000987600132,0.9349030470914127,0.8265474805608279,0.3569486404833837,3.5
0.28651166043528903,0.7411880970681893,0.9349030470914127,0.8268512280271942,0.35604229607250754,3.5
0.2868961139299492,0.7417582417582418,0.9349030470914127,0.8272058823529411,0.3549848942598187,3.5
0.2872027931035735,0.7422192895634004,0.9347645429362881,0.8274382394409366,0.3540785498489426,3.5
0.28775827130149456,0.7427911071978869,0.9347645429362881,0.8277934502637067,0.3530211480362538,3.5
0.28832783375389304,0.743278977523138,0.9343490304709141,0.82793323514973,0.35196374622356497,3.5
0.28855069162191543,0.7437424192303451,0.9342105263157895,0.8281662471606606,0.3510574018126888,3.5
0.2889312214434179,0.7442040185471407,0.9336565096952909,0.8282344268337634,0.35,3.5
0.2894941749644179,0.7446126643828047,0.9332409972299169,0.8283238060114327,0.34909365558912386,3.5
0.28984096554733835,0.7451891174518912,0.9332409972299169,0.8286803591194196,0.34803625377643505,3.5
0.2901243448790949,0.7457383218950631,0.9331024930747922,0.8289651778023871,0.3469788519637462,3.5
0.29066052149873867,0.7462058269635538,0.9329639889196676,0.8291992367821751,0.3460725075528701,3.5
0.2908800652485935,0.7467849223946785,0.9329639889196676,0.8295566502463054,0.3450151057401813,3.5
0.29173638863030144,0.7472807991120977,0.9325484764542936,0.82969808995687,0.3439577039274924,3.5
0.2920851089950067,0.7477227282826039,0.9322714681440443,0.8298606830230552,0.3430513595166163,4.0
0.29238839550871515,0.7483046136742635,0.9322714681440443,0.8302189330866481,0.3419939577039275,4.0
0.2928482194755751,0.7487761459724076,0.9321329639889196,0.8304540967423494,0.3410876132930514,4.5
0.29321937740458254,0.7493039313954784,0.9318559556786704,0.8306685597876412,0.34003021148036255,4.5
0.29344423918433604,0.7498048834875682,0.9314404432132964,0.8308110445364135,0.33897280966767374,4.5
0.2936541570841351,0.7503068169139797,0.9314404432132964,0.8311190755731322,0.33806646525679757,4.5
0.2939224487111576,0.7508932559178204,0.9314404432132964,0.831478733926805,0.33700906344410875,4.5
0.2943323811448366,0.751452838623156,0.9313019390581717,0.8317664522513607,0.33595166163141993,4.5
0.2952137493115157,0.7518738113882985,0.9308864265927977,0.8318584070796461,0.3350453172205438,4.5
0.2955830350963035,0.7524630541871922,0.9308864265927977,0.8322189202575533,0.333987915407855,4.5
0.2961668857489566,0.7529411764705882,0.9307479224376731,0.832455868689997,0.3330815709969788,4.5
0.2967824946933536,0.7535321821036107,0.9307479224376731,0.8328169537737018,0.33202416918429,4.5
0.29700372335916575,0.7541241162608012,0.9307479224376731,0.8331783522410265,0.3309667673716012,4.5
0.29733712050303024,0.7546046720575023,0.9306094182825485,0.8334160258000496,0.3300604229607251,4.5
0.2977395675886839,0.7551433389544688,0.9303324099722992,0.8336332609370153,0.32900302114803626,4.5
0.29815059697534513,0.7556530543368208,0.9303324099722992,0.8339437581476192,0.32809667673716014,4.5
0.29829706182999943,0.756248592659311,0.9303324099722992,0.8343062973543659,0.3270392749244713,4.5
0.29885092566901733,0.7568450704225352,0.9303324099722992,0.8346691519105313,0.32598187311178245,4.5
0.2991430228111552,0.7573297248534056,0.9301939058171745,0.8349080059671805,0.32507552870090634,4.5
0.2997854400903734,0.7578460149017837,0.9297783933518006,0.8350541112078618,0.3240181268882175,4.5
0.30001911968628936,0.7584180790960452,0.929639889196676,0.8353453640323584,0.3229607250755287,4.5
0.3002880827152722,0.7589326096788783,0.929639889196676,0.8356573705179282,0.3220543806646526,4.5
0.30082921057644973,0.759506564056134,0.9295013850415512,0.8359491778774291,0.32099697885196377,4.5
0.30130382521737,0.7599954694755918,0.9293628808864266,0.836189170664839,0.3200906344410876,4.5
0.30172957364463515,0.7605985037406484,0.9293628808864266,0.8365540456302207,0.3190332326283988,4.5
0.3023885722166154,0.7611754027683231,0.929224376731302,0.8368467007608831,0.31797583081570996,4.5
0.3030524959961967,0.7616668559100715,0.9290858725761773,0.8370874149872091,0.31706948640483384,4.5
0.3034187118190196,0.7622186860650147,0.928808864265928,0.8373080284679736,0.316012084592145,4.5
0.30385460621402693,0.7627986348122867,0.9286703601108033,0.8376014990630856,0.3149546827794562,4.5
0.30421917317396735,0.763292724581578,0.9285318559556787,0.8378429044554146,0.31404833836858004,4.5
0.3051732088388722,0.7638746438746439,0.928393351800554,0.8381369177868083,0.3129909365558912,5.0
0.30584377461692125,0.7643973087011061,0.928393351800554,0.8384514353618113,0.3120845921450151,5.0
0.3062592710128398,0.7650079890435973,0.928393351800554,0.8388186710048805,0.3110271903323263,5.0
0.30675370557716897,0.7655660916257283,0.9281163434903047,0.8390408814875102,0.30996978851963747,5.0
0.3072814099198958,0.7660912312792958,0.9281163434903047,0.8393561721049666,0.30906344410876135,5.0
0.30751251890941844,0.7667048054919908,0.9281163434903047,0.8397243107769423,0.30800604229607254,5.0
0.30776685778182367,0.7672315090451111,0.9281163434903047,0.8400401153315783,0.30709969788519637,5.0
0.3085174263139106,0.7678203071281229,0.9279778393351801,0.8403361344537815,0.30604229607250755,5.0
0.30892816167775394,0.7684101858224364,0.9278393351800553,0.8406324507466433,0.30498489425981873,5.0
0.3094705462977604,0.7689128687865917,0.9277008310249307,0.8408762789529847,0.3040785498489426,5.0
0.31005610391418953,0.7694782808549758,0.9274238227146815,0.8411003642758447,0.3030211480362538,5.0
0.31061281395863893,0.7700184077312471,0.9270083102493075,0.8412518853695324,0.301963746223565,5.0
0.3110961877784644,0.7704974666052511,0.9267313019390582,0.841423541247485,0.3010574018126888,5.0
0.3115622178913349,0.7710662824207493,0.9264542936288088,0.841648317080843,0.3,5.0
0.31204669610837654,0.7715472481827622,0.9261772853185596,0.8418203562661295,0.2990936555891239,5.0
0.31244950744948174,0.7721709006928407,0.9261772853185596,0.8421914357682619,0.29803625377643506,5.0
0.31278450128453394,0.7727693018955155,0.9260387811634349,0.8424899193548386,0.29697885196374624,5.0
0.3131146909784119,0.7733055748322923,0.9260387811634349,0.842808521366444,0.29607250755287007,5.0
0.3135171824521753,0.7738798193817298,0.9257617728531856,0.8430346219335308,0.29501510574018125,5.0
0.3138474296877491,0.774481399930467,0.925623268698061,0.8433339642879677,0.29395770392749243,5.0
0.3144020069180904,0.774994200881466,0.9254847645429363,0.8435803560156546,0.2930513595166163,5.0
0.31483178791974786,0.7755978639424194,0.9253462603878116,0.8438802576733612,0.2919939577039275,5.0
0.31522489616903276,0.7760864513130374,0.9250692520775623,0.8440540882092759,0.2910876132930514,5.0
0.31542437671131296,0.776692254012561,0.9249307479224377,0.8443545328107219,0.29003021148036257,5.0
0.3159658735430175,0.7772473218444341,0.9245152354570637,0.844509109311741,0.2889728096676737,5.0
0.31670150398681973,0.7777907247727802,0.9245152354570637,0.8448297683837488,0.2880664652567976,5.0
0.3171031308591712,0.7783739647731249,0.9242382271468144,0.8450579370607231,0.28700906344410876,5.0
0.31759830619067464,0.7789191082059064,0.9242382271468144,0.845379109393805,0.28610271903323264,5.0
0.3181003249727456,0.7795303189624956,0.9240997229916897,0.8456809683756892,0.2850453172205438,5.0
0.31871791283635714,0.7800912387413732,0.9236842105263158,0.8458367683429513,0.283987915407855,5.0
0.3188585035753692,0.7806134394755326,0.9235457063711912,0.8460855221418602,0.28308157099697884,5.0
0.3194022889404526,0.7812280290602297,0.9234072022160665,0.8463882188650501,0.28202416918429,5.0
0.319739214266256,0.7817925856405443,0.9229916897506926,0.8465447154471544,0.2809667673716012,5.0
0.3200546357629503,0.7823177175061642,0.9228531855955678,0.8467941793226156,0.2800604229607251,5.0
0.32029657207285955,0.7829612220916569,0.9228531855955678,0.8471710108073746,0.27900302114803627,5.0
0.3206594470544885,0.7834627146553752,0.9225761772853186,0.8473476656913879,0.2780966767371601,5.0
0.3212234142944284,0.7840828820343773,0.9224376731301939,0.847651775486827,0.2770392749244713,5.0
0.3221233928460761,0.7846788450206247,0.9221606648199446,0.8478828398599173,0.27598187311178246,5.0
0.3226902892178073,0.7852341077957307,0.9221606648199446,0.8482068921587362,0.27507552870090635,5.0
0.32298887831242984,0.7858829084041549,0.9221606648199446,0.8485852663777721,0.27401812688821753,5.0
0.32328161177396586,0.7865327820437094,0.9221606648199446,0.8489639783232388,0.2729607250755287,5.0
0.3240535478100428,0.7870655001182313,0.9220221606648199,0.8492154611557596,0.2720543806646526,5.0
0.32453819792382715,0.7876923076923077,0.9218836565096953,0.8495213784301212,0.2709969788519637,5.0
0.3254965305687663,0.788252013263856,0.9218836565096953,0.8498467824310522,0.2700906344410876,5.0
0.32590033613223673,0.7889060092449923,0.9218836565096953,0.8502267356453983,0.2690332326283988,5.0
0.32645646009655643,0.7895361252817653,0.9217451523545707,0.8505335804204741,0.26797583081570997,5.0
0.3270252420093458,0.7900486878042988,0.9214681440443213,0.8507128700210984,0.26706948640483386,5.0
0.32743182284895567,0.7906810887911565,0.9213296398891967,0.8510202776178596,0.26601208459214504,5.0
0.32796965067927997,0.791220556745182,0.9211911357340721,0.8512735184948164,0.26510574018126887,5.0
0.3288966602341146,0.7918552036199095,0.9210526315789473,0.851581508515815,0.26404833836858005,5.0
0.32924944199031014,0.7924663249493384,0.9207756232686981,0.8518162598500865,0.26299093655589123,5.0
0.33003104392263705,0.7929100023872045,0.9200831024930748,0.8517758687011155,0.2620845921450151,5.0
0.33058614877695097,0.7934743635711725,0.9195290858725762,0.8518637325976777,0.2610271903323263,5.0
0.33101132952990014,0.7940402106270943,0.9189750692520776,0.8519517205957885,0.2599697885196375,5.0
0.33122782281789837,0.7946107784431138,0.9189750692520776,0.8522800256904304,0.2590634441087613,5.0
0.33182846258655097,0.7952038369304556,0.9185595567867036,0.8524421593830335,0.2580060422960725,5.0
0.3321249800033389,0.7957763378929685,0.9185595567867036,0.8527709913848527,0.2570996978851964,5.0
0.33245214310219223,0.7964452984268043,0.9185595567867036,0.8531549495079437,0.25604229607250756,5.0
0.3332869106008318,0.797042202717326,0.9181440443213297,0.8533178863358435,0.25498489425981874,5.0
0.3343029727455655,0.7974470134874759,0.917174515235457,0.8531306364339089,0.2540785498489426,5.0
0.33484943179657367,0.7981198023381946,0.917174515235457,0.8535154991299866,0.25302114803625375,5.0
0.3358582952956168,0.7986965966690803,0.9166204986149584,0.8536050561073133,0.25196374622356493,5.0
0.3365712131157735,0.7991783470275495,0.9160664819944598,0.8536396489416623,0.2510574018126888,5.0
0.3376783976305655,0.799806459416959,0.9157894736842105,0.853877445599535,0.25,5.0
0.3386822789805569,0.8003390240949267,0.9155124653739612,0.8540603398152335,0.24909365558912386,5.0
0.3395774950445412,0.8009455691598981,0.9150969529085873,0.8542245781886353,0.24803625377643504,5.0
0.34043364916396945,0.8015054024523491,0.914404432132964,0.8542407970498802,0.24697885196374622,5.0
0.3409692091781572,0.8020415603353992,0.9141274238227147,0.8544242345782899,0.24607250755287008,5.0
0.3413670540674156,0.8026523908018007,0.9137119113573408,0.8545890277867738,0.24501510574018126,5.0
0.3425550503644252,0.803238767807135,0.9137119113573408,0.8549212725976804,0.24410876132930515,5.0
0.3431917663579761,0.8038522491771303,0.9132963988919668,0.8550865590352072,0.24305135951661633,5.0
0.3437456416634358,0.8045149481391092,0.9131578947368421,0.8554005838469024,0.24199395770392748,5.0
0.3443469802742548,0.8051044083526682,0.9131578947368421,0.8557336621454994,0.24108761329305137,5.0
0.34515882967478195,0.805698214722426,0.9126038781163435,0.8558254318742693,0.24003021148036255,5.0
0.34575459383300194,0.8063647490820074,0.9124653739612189,0.856140350877193,0.2389728096676737,5.0
0.34660545701573814,0.8069100710610144,0.9121883656509695,0.8563255753478091,0.2380664652567976,5.0
0.34715163122067483,0.807555501042561,0.9119113573407203,0.8565667078644377,0.23700906344410877,5.0
0.3479169708084804,0.8080559990175611,0.9113573407202216,0.8566035279567793,0.23610271903323263,5.0
0.3485908034040224,0.8086806836345752,0.9109418282548476,0.8567706637139322,0.2350453172205438,5.0
0.3491411381999684,0.8093303791235844,0.9106648199445984,0.8570125130344108,0.233987915407855,5.0
0.3499088978939818,0.8098817151306063,0.910387811634349,0.8571987480438185,0.23308157099697885,5.0
0.35042310581888697,0.8105341063278648,0.9101108033240998,0.8574411169831018,0.23202416918429003,5.0
0.35133513142396977,0.811141304347826,0.9095567867036011,0.8575346043353356,0.2309667673716012,5.0
0.3523979890027415,0.8116963402571711,0.9092797783933518,0.8577214528351188,0.23006042296072507,5.0
0.3527820657286427,0.8123994555129316,0.9092797783933518,0.8581138487680543,0.22900302114803625,5.0
0.3535587912153932,0.8130030959752322,0.9092797783933518,0.8584504740111149,0.2280966767371601,5.0
0.35432602363503596,0.8136391816491011,0.9088642659279779,0.8586195616617599,0.2270392749244713,5.0
0.35509949776177707,0.8142768466790813,0.9084487534626039,0.8587888707037643,0.22598187311178247,5.0
0.35547365339625203,0.8148608349900597,0.9083102493074793,0.8590516112129946,0.22507552870090636,5.0
0.35632866273310315,0.8155013684996267,0.9078947368421053,0.8592213920566261,0.2240181268882175,5.0
0.35740677630336154,0.8160189337319382,0.9073407202216066,0.8592602308499474,0.2231117824773414,5.0
0.35850362097779637,0.8166396407633778,0.906786703601108,0.8593555161777253,0.22205438066465258,5.0
0.35939038648145366,0.8173305031839181,0.9066481994459834,0.8596756188850219,0.22099697885196373,5.0
0.3601827810998829,0.8178522315289412,0.9060941828254848,0.8597148301465274,0.22009063444108762,5.0
0.3613282105422953,0.8184549893577062,0.9054016620498615,0.8597356480568159,0.2190332326283988,5.0
0.361822026949814,0.8191502694573255,0.9052631578947369,0.8600565826699125,0.21797583081570998,5.0
0.3624843691270894,0.819676245451123,0.9047091412742382,0.8600961221936927,0.21706948640483384,5.0
0.36301941015615674,0.8203291870838045,0.9042936288088642,0.8602674748007116,0.21601208459214502,5.0
0.3638647098899244,0.8209255533199196,0.9041551246537396,0.8605325599789085,0.21510574018126888,5.0
0.3645786586717118,0.82162638469285,0.904016620498615,0.8608546557636508,0.21404833836858006,5.0
0.3649775657930945,0.8223062381852552,0.9037396121883656,0.8611019465522929,0.21299093655589124,5.0
0.36590616896091216,0.8229061553985872,0.903601108033241,0.8613678373382625,0.2120845921450151,5.0
0.36684902276544173,0.8235442718201339,0.9030470914127424,0.8614652837418247,0.21102719033232628,5.0
0.3689571245235656,0.8241619228336496,0.9023545706371191,0.8614876033057851,0.20996978851963746,5.5
0.3695688923691831,0.8247213779128673,0.9019390581717451,0.8616035988356708,0.20906344410876132,5.5
0.3701069416552828,0.8254310344827587,0.9018005540166205,0.8619274556526344,0.2080060422960725,5.5
0.3710918032767308,0.8259047619047619,0.900831024930748,0.8617422987744288,0.2070996978851964,5.5
0.37211159675740996,0.826507250063597,0.9,0.8616894311099322,0.20604229607250754,5.5
0.3725476903434154,0.8271997962562078,0.8997229916897507,0.8619385656471837,0.20498489425981872,5.5
0.37334794002435795,0.8277444855284968,0.8991689750692521,0.861979685321649,0.2040785498489426,5.5
0.3739511062327545,0.8284620293554563,0.8990304709141275,0.8623048820989705,0.2030211480362538,5.5
0.3749116379145701,0.8289658698708935,0.8981994459833795,0.8621950408828026,0.20211480362537765,5.5
0.37580865501441507,0.8295774647887324,0.8973684210526316,0.862142381902861,0.20105740181268883,5.5
0.37680195130311106,0.8302346454673676,0.896814404432133,0.8622411611958187,0.2,5.5
0.37733540897072515,0.8308304453857015,0.8965373961218837,0.8624342149090668,0.19909365558912387,5.5
0.378202067281166,0.8315126590412544,0.8961218836565097,0.862609159389374,0.19803625377643505,5.5
0.37893488297424877,0.8322182192485846,0.8958448753462603,0.8628601921024546,0.19697885196374623,5.5
0.380741175710909,0.8327535111454709,0.8951523545706371,0.8628262465790001,0.1960725075528701,5.5
0.3819201562323324,0.8333333333333334,0.8940443213296398,0.8626219430709607,0.19501510574018127,5.5
0.38272120271973553,0.8339793281653747,0.8940443213296398,0.8629679144385026,0.19410876132930513,5.5
0.3834353867471013,0.834541688244433,0.892797783933518,0.8626873661670236,0.1930513595166163,5.5
0.38404610225741626,0.8352559948152949,0.8925207756232687,0.8629394040843655,0.1919939577039275,5.5
0.38526864748418893,0.8357995846313603,0.8918282548476454,0.8629053872956312,0.19108761329305135,6.0
0.386035928447957,0.8363896475484458,0.8907202216066482,0.8627003823194044,0.19003021148036253,6.0
0.386877767469858,0.8370881625211616,0.8903047091412742,0.8628767031344385,0.1889728096676737,6.0
0.3877459110476398,0.8377215849843587,0.8901662049861496,0.8631479989255977,0.18806646525679757,6.0
0.38826427681712433,0.8384233881493083,0.8897506925207757,0.8633248219325359,0.18700906344410875,6.0
0.3893891608309419,0.8390594382756369,0.8896121883656509,0.8635966386554622,0.18610271903323264,6.0
0.39031369350489037,0.8397435897435898,0.8890581717451523,0.863697524219591,0.18504531722054382,6.0
0.3911065770291798,0.8404715127701375,0.8887811634349031,0.8639515314708852,0.18398791540785497,6.0
0.39205976496487543,0.8411325206449076,0.8887811634349031,0.8643006263048016,0.18308157099697886,6.0
0.39316619144544257,0.8417804621848739,0.8879501385041552,0.8642491237530331,0.18202416918429004,6.0
0.39384574615874923,0.8424027339642481,0.8876731301939058,0.864445643377394,0.1811178247734139,6.0
0.39421366164721855,0.8431578947368421,0.8875346260387812,0.8647773279352227,0.18006042296072508,6.0
0.3953723649932581,0.8438323668950976,0.8868421052631579,0.8648028092922744,0.17900302114803626,6.0
0.39647059710524835,0.8443769799366421,0.8860110803324099,0.8646931603135982,0.17809667673716012,6.0
0.39716075828306857,0.845096484271742,0.885595567867036,0.8648721763830649,0.1770392749244713,6.0
0.39819290574521854,0.8458178930651138,0.885180055401662,0.8650514347590688,0.17598187311178248,6.0
0.3988805796074685,0.8464290446535047,0.884764542936288,0.865172343739419,0.17507552870090634,6.0
0.4001545056905275,0.8470322666312575,0.8835180055401662,0.8648905158972273,0.17401812688821752,6.0
0.40109940561094054,0.8476469024195693,0.8831024930747923,0.8650115316781983,0.17311178247734138,6.0
0.40164352469935566,0.8483759318423855,0.8826869806094183,0.8651914200380125,0.17205438066465256,6.0
0.4020890108704852,0.8491672218520986,0.8826869806094183,0.8656027164685909,0.17099697885196374,6.0
0.403314314744874,0.8497665110073382,0.8821329639889197,0.8656472986748217,0.1700906344410876,6.0
0.4048109365022278,0.8504410585404972,0.8813019390581718,0.865596517480615,0.16903323262839878,6.0
0.405925336385906,0.8512175541878512,0.881163434903047,0.8659316727916156,0.16797583081570996,6.0
0.4069031391465376,0.851782363977486,0.8803324099722992,0.8658220950824138,0.16706948640483385,6.0
0.4083731677234377,0.8525030197288954,0.8797783933518005,0.865925976416059,0.166012084592145,6.0
0.40949692680197947,0.8530913978494624,0.8790858725761773,0.865893587994543,0.1651057401812689,6.0
0.410545175357656,0.8537964458804523,0.878393351800554,0.8659202621518296,0.16404833836858007,6.0
0.41209660055979336,0.8544056132775604,0.8770083102493075,0.8655594286104846,0.16299093655589122,6.0
0.4133224700026884,0.8550391786003783,0.8765927977839335,0.865681849268226,0.1620845921450151,6.0
0.4151630470807657,0.8557705317277771,0.8760387811634349,0.8657860516049551,0.1610271903323263,6.0
0.4158958938196588,0.8564269267235541,0.8757617728531856,0.865986441142231,0.16012084592145015,6.0
0.41653834228625847,0.8571816085718161,0.8753462603878116,0.8661687110258344,0.15906344410876133,6.0
0.41772650759147245,0.8578997418828963,0.8746537396121884,0.8661957341746108,0.1580060422960725,6.0
0.41956586000474894,0.8584841475030617,0.8738227146814405,0.8660855240579313,0.15709969788519637,6.0
0.42035744956284515,0.8592451287641368,0.8734072022160665,0.8662682876571193,0.15604229607250755,6.0
0.42128480959649045,0.8600272851296044,0.8731301939058171,0.8665292096219932,0.15498489425981873,6.0
0.423895287040611,0.8605032822757112,0.8714681440443214,0.8659510046793284,0.1540785498489426,6.5
0.4250587382034557,0.8611758256817871,0.8703601108033241,0.8657436109388992,0.15302114803625377,7.0
0.42664388379764195,0.8618087004254151,0.8698060941828255,0.865788929482319,0.15211480362537763,7.0
0.42867585795853597,0.8624862486248625,0.8686980609418282,0.8655810102125309,0.1510574018126888,7.0
0.42958597125248593,0.8631854505373381,0.8677285318559557,0.8654510291476724,0.15,7.0
0.43062483360350734,0.8638245033112583,0.8671745152354571,0.8654962676251037,0.14909365558912388,7.0
0.4321301318124546,0.8645847726958684,0.8666204986149585,0.8656014387493948,0.14803625377643503,7.0
0.4342605279372115,0.8652727776239268,0.8655124653739612,0.8653926049023681,0.14697885196374622,7.0
0.4362006556677917,0.8659365035352835,0.8650969529085872,0.8655165246310539,0.1460725075528701,7.0
0.43737147653908665,0.8666851826135259,0.864404432132964,0.8655433049025726,0.14501510574018128,7.0
0.4383988163421672,0.8673526140155728,0.8639889196675901,0.8656674993061337,0.14410876132930514,7.0
0.43992977068415623,0.8681242166829133,0.8634349030470914,0.8657732101937365,0.14305135951661632,7.0
0.4409401382707794,0.8689164691117,0.8630193905817175,0.8659578903481343,0.1419939577039275,7.0
0.44250224751586614,0.8695530726256984,0.8623268698060942,0.8659248956884562,0.14108761329305136,7.0
0.44338864349868046,0.8703133743704533,0.8616343490304709,0.8659521158129175,0.14003021148036254,7.0
0.4444289477058937,0.8709903347807816,0.8612188365650969,0.8660770248624555,0.1391238670694864,7.0
0.44606332338549654,0.871719298245614,0.8602493074792243,0.8659463227605436,0.13806646525679758,7.0
0.44733930058382265,0.8724511320489383,0.8592797783933518,0.8658153652920243,0.13700906344410876,7.0
0.4495382010339029,0.8730985915492958,0.8585872576177286,0.865782122905028,0.13610271903323262,7.0
0.451026053082858,0.8738891239949217,0.8580332409972299,0.8658886015794255,0.1350453172205438,7.0
0.45172667771270264,0.8746998163582427,0.8576177285318559,0.866074550667879,0.13398791540785498,7.0
0.4541409084600231,0.8753713396520016,0.8570637119113573,0.8661207922177898,0.13308157099697884,7.0
0.4552182163064198,0.8761162296243798,0.8560941828254848,0.8659894921190893,0.13202416918429002,7.0
0.4562847462883163,0.8768095373261425,0.8556786703601108,0.8661152390298613,0.1311178247734139,7.0
0.45736577117224025,0.8775771363571733,0.8548476454293629,0.8660632849224724,0.13006042296072506,7.0
0.45881052459623944,0.8783649052841476,0.8541551246537397,0.8660908644055895,0.12900302114803625,7.0
0.4599742185311491,0.8790989449672084,0.8540166204986149,0.8663762821413517,0.12809667673716013,7.0
0.46130552947485226,0.8799257567104511,0.853601108033241,0.8665635545556805,0.1270392749244713,7.0
0.46293187644154843,0.880720823798627,0.8529085872576178,0.8665916127216438,0.12598187311178247,7.0
0.4642031145212644,0.8814093382984818,0.8523545706371192,0.8666385016194903,0.12507552870090635,7.0
0.46496672803546774,0.8822432587492829,0.8519390581717452,0.866826381059752,0.12401812688821752,7.0
0.4669177586843725,0.8828518039384793,0.8506925207756233,0.8664738661211824,0.12311178247734139,7.0
0.4687797266347677,0.8836405529953917,0.8498614958448754,0.8664219147133577,0.12205438066465257,7.0
0.4695870323675047,0.8844822613210268,0.8494459833795014,0.8666101455418963,0.12099697885196374,7.0
0.47135092264761735,0.8851985559566787,0.8490304709141274,0.8667373630258042,0.12009063444108761,7.0
0.47326954310529196,0.8860448300795373,0.8486149584487535,0.8669260700389104,0.1190332326283988,7.0
0.47614176110353257,0.8866666666666667,0.8473684210526315,0.8665722379603399,0.11812688821752265,7.0
0.4776502268217701,0.8875507835171214,0.8472299168975069,0.866921768707483,0.11706948640483383,7.0
0.47943291436841995,0.8883720930232558,0.8465373961218836,0.866950354609929,0.11601208459214502,7.0
0.4803248957651578,0.8891152502910361,0.8462603878116344,0.8671586715867158,0.11510574018126889,7.0
0.4818362751240813,0.889957732109022,0.8457063711911358,0.8672679497194802,0.11404833836858005,7.0
0.48340910295389594,0.8907869762009052,0.8450138504155125,0.8672968938801621,0.11299093655589124,7.0
0.4841891907567113,0.8915363250986698,0.8447368421052631,0.8675058672925111,0.11208459214501511,7.0
0.4860519208575813,0.8923707717088886,0.8440443213296399,0.8675350558758631,0.11102719033232629,7.0
0.48786016905244,0.8931241753408591,0.8437673130193906,0.8677444626451108,0.11012084592145015,7.0
0.48955512394739353,0.8939794419970631,0.843213296398892,0.8678545972915181,0.10906344410876133,7.0
0.4917710618940268,0.8947755702722591,0.8421052631578947,0.8676418123439172,0.10800604229607251,7.0
0.4952727134622904,0.8954123026995132,0.8407202216066482,0.8672048003428816,0.10709969788519637,7.0
0.4968489034904289,0.8962765957446809,0.8401662049861496,0.8673148412925364,0.10604229607250755,7.0
0.49860003825292304,0.8970980159905242,0.839196675900277,0.8671819092600545,0.10498489425981873,7.5
0.5006858696170303,0.8978048056956393,0.8383656509695291,0.8670677553359117,0.1040785498489426,7.5
0.5025132312054504,0.8986627043090639,0.8376731301939058,0.8670967741935484,0.10302114803625377,7.5
0.5055609210582855,0.8993148644623176,0.8362880886426592,0.8666570977465192,0.10211480362537764,7.5
0.5070144857042828,0.9002237136465324,0.83601108033241,0.8669299820466787,0.10105740181268882,7.5
0.511038846787115,0.9010167464114832,0.8346260387811635,0.8665516249640495,0.1,7.5
0.5124718272495016,0.9017817038478814,0.8342105263157895,0.8666810561910929,0.09909365558912386,7.5
0.514704456491742,0.9026694661067787,0.8336565096952908,0.8667914746543779,0.09803625377643505,7.5
0.516891461708247,0.9033809166040571,0.8326869806094183,0.8665945945945946,0.09712990936555892,9.0
0.5187983827882878,0.9042889390519188,0.8322714681440443,0.8667868734222863,0.09607250755287008,9.0
0.5213697415100673,0.9051568154402895,0.8314404432132964,0.8667340456251804,0.09501510574018127,9.0
0.5234756291976623,0.9058627984285282,0.8303324099722992,0.8664546899841017,0.09410876132930514,9.5
0.5254197144185156,0.9067796610169492,0.8299168975069252,0.8666473821232282,0.09305135951661632,9.5
0.526773839013688,0.9076993028190361,0.8295013850415512,0.8668403531625417,0.09199395770392749,9.5
0.5281695009802213,0.9084699453551912,0.8289473684210527,0.8668887601390498,0.09108761329305136,9.5
0.5295026918815364,0.9094087247302022,0.8286703601108033,0.8671642872671933,0.09003021148036254,9.5
0.5322459264248006,0.9101841985081444,0.8281163434903047,0.8672129958662702,0.0891238670694864,9.5
0.5340160579209062,0.9110738255033557,0.8272853185595568,0.8671602787456446,0.08806646525679758,9.5
0.5363950318469403,0.9118996635056592,0.8257617728531856,0.8666957406599797,0.08700906344410876,9.5
0.5388730634183274,0.9126302881667688,0.8246537396121884,0.8664144353899883,0.08610271903323263,9.5
0.5409209468225671,0.913597298956415,0.8245152354570637,0.8667734420500874,0.0850453172205438,9.5
0.543195066951799,0.9145404242237934,0.8240997229916898,0.8669677983389189,0.08398791540785498,9.5
0.5454541503218939,0.91530643671081,0.8232686980609418,0.8668513927373486,0.08308157099697885,9.5
0.5494532627893405,0.9161778326644026,0.8220221606648199,0.8665498612936195,0.08202416918429004,9.5
0.5541492238956123,0.916924504950495,0.8209141274238227,0.8662671733411283,0.0811178247734139,9.5
0.5562397857155668,0.9178167157698868,0.8198060941828255,0.8660472602238642,0.08006042296072508,10.0
0.5585200980595079,0.9187635911773843,0.8192520775623269,0.8661590276760873,0.07900302114803626,10.0
0.561206171826553,0.9195581142056948,0.8185595567867036,0.866124422950099,0.07809667673716011,10.0
0.5659023725491972,0.9204368174726989,0.817174515235457,0.8657373440939105,0.0770392749244713,10.0
0.5681561931595804,0.9212868967671404,0.8170360110803324,0.8660353813403803,0.07613293051359517,10.0
0.5708083027135364,0.9222465581977471,0.8164819944598338,0.8661475168968557,0.07507552870090635,10.0
0.5732159985883427,0.9232215606392981,0.8160664819944599,0.8663431848257609,0.07401812688821752,12.5
0.575482351123056,0.9239949748743719,0.8149584487534626,0.8660582867235795,0.07311178247734139,13.0
0.578696885345305,0.9249409913453973,0.8141274238227146,0.8660036832412523,0.07205438066465257,13.0
0.5802247233203471,0.9259259259259259,0.8137119113573407,0.8661997788426097,0.07099697885196375,13.0
0.5830993128579856,0.9267561168113654,0.8131578947368421,0.8662486167465879,0.07009063444108761,13.0
0.587998387512836,0.9276784301313499,0.8119113573407202,0.865942831819189,0.06903323262839879,13.0
0.5917615051761405,0.9284808119251506,0.8109418282548476,0.8657400561880823,0.06812688821752266,13.0
0.5952614061051698,0.9294117647058824,0.8096952908587257,0.8654330125832715,0.06706948640483383,14.0
0.599663510562529,0.9303585657370518,0.8085872576177285,0.8652093367914042,0.06601208459214501,14.0
0.6024198801048297,0.9311831390707329,0.8077562326869806,0.8650893718015279,0.06510574018126888,14.0
0.6049438741275636,0.9322033898305084,0.8074792243767313,0.8653703428825886,0.06404833836858007,14.0
0.6080690998816922,0.9332158872517617,0.8070637119113574,0.8655674390968509,0.06299093655589123,14.0
0.6100979885614296,0.9340394800192585,0.8060941828254847,0.8653631700245336,0.062084592145015105,14.0
0.6122858060403431,0.935048231511254,0.8055401662049861,0.8654761904761904,0.06102719033232629,14.0
0.615083586637404,0.9359201416841089,0.8051246537396122,0.8656094110639565,0.06012084592145015,14.0
0.620631016730736,0.9369049540100048,0.8041551246537396,0.8654691808899159,0.059063444108761326,14.0
0.6244129496591146,0.9379343785356392,0.8037396121883656,0.8656671887819796,0.05800604229607251,14.0
0.6262562544580672,0.9388250525975077,0.8034626038781163,0.8658855138443167,0.05709969788519637,14.0
0.6320688500280206,0.9398215733982157,0.8024930747922437,0.8657452372058273,0.056042296072507554,14.0
0.6348569383182706,0.9407082521117609,0.8020775623268698,0.8658791866028707,0.05513595166163142,14.0
0.6387766457876319,0.9417317708333334,0.8013850415512466,0.8659084106554924,0.0540785498489426,14.0
0.6488532421378304,0.9427312775330396,0.8002770083102493,0.865682822683347,0.053021148036253775,14.0
0.6531212142954607,0.9435813573180704,0.7991689750692521,0.8653918260217472,0.05211480362537765,14.0
0.6587065129419785,0.9445265058263581,0.7970914127423823,0.8645684669120409,0.05105740181268882,14.0
0.6616460090726414,0.9455502549761474,0.7961218836565097,0.8644258966839611,0.05,14.0
0.6662624150834937,0.9464491679024551,0.7955678670360111,0.8644743773045376,0.04909365558912387,14.0
0.6712214566043346,0.9474727452923687,0.7944598337950138,0.8642458942293205,0.04803625377643504,14.0
0.673098716354629,0.9483956334766788,0.7941828254847645,0.8644655510327152,0.047129909365558914,14.0
0.6782860882851098,0.9494614747307374,0.7936288088642659,0.8645794039984912,0.04607250755287009,14.0
0.6814841019256499,0.9505476269498838,0.7933518005540167,0.8648648648648648,0.04501510574018127,14.0
0.6906823917438071,0.9513414430928179,0.7907202216066482,0.8636260494667575,0.044108761329305135,14.5
0.6934820889025151,0.9524286429644466,0.7903047091412743,0.8638255998788887,0.04305135951661632,15.0
0.6994130879006045,0.9534805890227577,0.789196675900277,0.863595028796605,0.04199395770392749,15.0
0.7034666420746583,0.95439302481556,0.788365650969529,0.8634708737864077,0.04108761329305136,15.0
0.7080652803396699,0.9554397175046242,0.7869806094182825,0.8630667578036,0.04003021148036254,15.0
0.7126354929059978,0.9563752737072596,0.7864265927977839,0.8631146917990423,0.0391238670694864,15.0
0.7161416956508704,0.9574755315558555,0.7858725761772853,0.8632283584360263,0.038066465256797584,15.0
0.7216597041705229,0.9585868830290737,0.7854570637119114,0.8634287454323996,0.03700906344410876,15.0
0.726270571530243,0.9594983901033723,0.7842105263157895,0.8630439753067601,0.03610271903323263,15.0
0.7324716225630389,0.9605844376486579,0.7831024930747923,0.8628109262933008,0.035045317220543805,15.0
0.7380723707183005,0.961531914893617,0.782409972299169,0.8627720504009164,0.03413897280966768,15.0
0.7416592185330234,0.9626598465473146,0.781994459833795,0.8629728696981277,0.03308157099697885,15.0
0.7467688307036866,0.9637792584999145,0.7813019390581717,0.8630000764935363,0.03202416918429003,15.0
0.7503251107729877,0.9647622305850154,0.7811634349030471,0.8633093525179855,0.031117824773413898,15.0
0.7533436168508258,0.9659129838985954,0.7810249307479225,0.8636850972583857,0.030060422960725076,15.0
0.7638443298769584,0.9670442842430484,0.7803324099722991,0.8637130154836732,0.029003021148036254,15.0
0.7754119082458036,0.9679696917513346,0.7785318559556786,0.8629768941429339,0.028096676737160122,15.0
0.7848039399168913,0.9690953038674033,0.7774238227146815,0.8627420842299416,0.0270392749244713,15.0
0.7889824288622778,0.9700692041522492,0.7765927977839335,0.8626153846153847,0.026132930513595165,15
0.793557804260423,0.9711955578691653,0.775207756232687,0.8622044211661403,0.025075528700906343,15
0.7958009409129406,0.9723622457848079,0.774792243767313,0.8624065366530486,0.02401812688821752,15
0.8025426805225534,0.9733403031887088,0.7736842105263158,0.8621035573732542,0.02311178247734139,15
0.8111351651925642,0.9744889044207583,0.772437673130194,0.8617785675654795,0.022054380664652568,15
0.8229915054588369,0.975635407537248,0.7709141274238227,0.8612765957446809,0.020996978851963746,15
0.8328746603548067,0.9766379764623222,0.7700831024930748,0.8611476806319214,0.020090634441087614,15
0.8384556588385055,0.9778051787916153,0.7688365650969529,0.8608203458168565,0.019033232628398792,15
0.848591563025563,0.9788023317435082,0.7674515235457063,0.8603369303625495,0.01812688821752266,15
0.8570443509987039,0.9799893748893218,0.7664819944598338,0.8601849693013134,0.01706948640483384,15
0.8679439240165612,0.9811689465269142,0.7649584487534626,0.8596777959374271,0.016012084592145016,15
0.8787688739203026,0.9821715100730968,0.7630193905817174,0.8588354509314833,0.015105740181268883,15
0.8932045103922698,0.9833452722063037,0.7605263157894737,0.8577007185254609,0.014048338368580061,15
0.9248115224717497,0.9843384338433844,0.7573407202216067,0.8560469667318984,0.013141993957703928,15
0.934145653507354,0.9855673822839618,0.7566481994459834,0.8560683224947113,0.012084592145015106,15
0.9445093478947717,0.9867968891300416,0.7556786703601108,0.8559102674719586,0.011027190332326284,15
0.9608955692394354,0.9878270348837209,0.7530470914127424,0.8546054699779944,0.01012084592145015,15
0.9822316221378851,0.9890390938984289,0.7498614958448754,0.8530014179927524,0.00906344410876133,15
0.9943545453833493,0.9902930402930403,0.7488919667590028,0.852839116719243,0.008006042296072508,15
1.0134533058231772,0.9913475699558174,0.7458448753462604,0.8512488144166931,0.007099697885196375,15
1.0409717130727836,0.992584352984798,0.7415512465373961,0.8488980497859521,0.006042296072507553,15
1.061291659938855,0.9936685288640595,0.7390581717451523,0.8476568705321683,0.00513595166163142,15
1.0760851632120851,0.9949542141655765,0.7373961218836566,0.8470288759844085,0.004078549848942598,16
1.0956778315360927,0.9962490622655664,0.7357340720221607,0.8463989802421925,0.0030211480362537764,16
1.1169209823064679,0.9973674313651749,0.7346260387811634,0.8460679534215984,0.0021148036253776435,16
1.156097075046943,0.9986752460257381,0.7308864265927978,0.8440499040307102,0.0010574018126888218,19
1.7536530221939133,1.0,0.6986149584487534,0.822570123939987,0.0,16.5
